AHL_GP,AHL_total_TOI,AHL_goals,primary_assists,secondary_assists,ev_goals,ev_primary_assists,ev_secondary_assists,AHL_shots,ev_shots,passes,ev_passes,ze_controlled_entry,ze_uncontrolled_entry,ze_controlled_exit,ze_uncontrolled_exit,penalties_taken,penalties_drawn,team_ev_shots_for,team_ev_shots_against,GP,G,A,P,PlusMinus,PIM,PointPerGame,PPG,PPP,SHG,SHP,GWG,OTG,S,ShootingPercentage,NHL_TOIPerGame_sec,ShiftsPerGame,FaceoffWinPercentage
24,32795,2,3,7,0,2,4,94,60,696,433,25,63,84,62,8,8,318,316,9,0,0,0,0,2,0,0,0,0,0,0,0,6,0,1016,21.7,0
24,32795,2,3,7,0,2,4,94,60,696,433,25,63,84,62,8,8,318,316,20,1,2,3,-13,10,0.15,0,0,0,0,0,0,23,4.3,887,20.9,0
24,32795,2,3,7,0,2,4,94,60,696,433,25,63,84,62,8,8,318,316,8,0,2,2,4,2,0.25,0,0,0,0,0,0,8,0,743,17.5,0
24,32795,2,3,7,0,2,4,94,60,696,433,25,63,84,62,8,8,318,316,2,0,0,0,-1,0,0,0,0,0,0,0,0,0,0,770,16.5,0
24,32795,2,3,7,0,2,4,94,60,696,433,25,63,84,62,8,8,318,316,2,0,0,0,-1,0,0,0,0,0,0,0,0,0,0,770,16.5,0
6,7667,1,1,1,0,1,0,21,15,108,81,6,18,13,18,3,1,88,116,9,0,2,2,-1,0,0.22,0,0,0,0,0,0,8,0,1054,21.1,0
23,23619,5,5,3,0,4,3,86,72,278,209,68,53,52,23,5,6,305,213,26,3,0,3,-9,11,0.12,0,0,0,0,0,0,40,7.5,708,17,0
6,7667,1,1,1,0,1,0,21,15,108,81,6,18,13,18,3,1,88,116,44,3,7,10,-5,6,0.23,0,0,0,0,0,0,40,7.5,1010,19.7,0
23,23619,5,5,3,0,4,3,86,72,278,209,68,53,52,23,5,6,305,213,26,3,0,3,-9,11,0.12,0,0,0,0,0,0,40,7.5,708,17,0
6,7667,1,1,1,0,1,0,21,15,108,81,6,18,13,18,3,1,88,116,44,3,7,10,-5,6,0.23,0,0,0,0,0,0,40,7.5,1010,19.7,0
29,32239,5,9,7,0,4,4,173,130,649,507,33,78,108,83,7,4,495,378,2,2,0,2,3,2,1,0,0,0,0,0,0,2,100,730,18.5,0
1,1365,0,0,0,0,0,0,2,2,18,11,1,3,3,4,1,0,10,13,7,1,0,1,-2,0,0.14,0,0,0,0,1,0,7,14.3,947,24.3,0
1,1365,0,0,0,0,0,0,2,2,18,11,1,3,3,4,1,0,10,13,51,0,7,7,-11,22,0.14,0,0,0,0,0,0,61,0,1005,24.2,0
29,32239,5,9,7,0,4,4,173,130,649,507,33,78,108,83,7,4,495,378,5,0,0,0,-2,7,0,0,0,0,0,0,0,4,0,794,19,0
1,1365,0,0,0,0,0,0,2,2,18,11,1,3,3,4,1,0,10,13,36,0,3,3,-4,18,0.08,0,0,0,0,0,0,37,0,790,19.5,0
1,1365,0,0,0,0,0,0,2,2,18,11,1,3,3,4,1,0,10,13,36,0,3,3,-4,18,0.08,0,0,0,0,0,0,37,0,790,19.5,0
23,21909,4,2,3,0,2,2,60,50,387,285,44,38,53,23,2,5,252,246,4,0,1,1,-2,0,0.25,0,0,0,0,0,0,4,0,739,15.5,0
23,21909,4,2,3,0,2,2,60,50,387,285,44,38,53,23,2,5,252,246,4,0,1,1,-2,0,0.25,0,0,0,0,0,0,4,0,739,15.5,0
26,26050,9,6,5,0,3,2,109,85,478,318,64,45,54,29,7,6,335,251,6,0,0,0,-4,2,0,0,0,0,0,0,0,9,0,688,16.2,50
26,26050,9,6,5,0,3,2,109,85,478,318,64,45,54,29,7,6,335,251,3,0,0,0,-1,0,0,0,0,0,0,0,0,1,0,389,9.7,100
26,26050,9,6,5,0,3,2,109,85,478,318,64,45,54,29,7,6,335,251,3,0,0,0,-1,0,0,0,0,0,0,0,0,1,0,389,9.7,100
21,20479,2,1,1,0,1,0,35,27,322,248,7,29,42,43,10,6,217,298,5,0,0,0,-3,2,0,0,0,0,0,0,0,3,0,637,17,0
21,20479,2,1,1,0,1,0,35,27,322,248,7,29,42,43,10,6,217,298,5,0,0,0,-3,2,0,0,0,0,0,0,0,3,0,637,17,0
26,27589,0,3,2,0,1,2,70,47,386,282,17,71,64,65,8,3,284,303,3,0,0,0,0,0,0,0,0,0,0,0,0,4,0,761,22,0
26,27589,0,3,2,0,1,2,70,47,386,282,17,71,64,65,8,3,284,303,33,0,1,1,-13,10,0.03,0,0,0,0,0,0,28,0,1052,26.3,0
25,26920,0,1,1,0,1,1,54,34,461,313,14,70,61,52,13,12,248,277,12,0,2,2,-6,12,0.17,0,0,0,0,0,0,5,0,924,20.2,0
26,27589,0,3,2,0,1,2,70,47,386,282,17,71,64,65,8,3,284,303,6,0,1,1,0,2,0.17,0,0,0,0,0,0,1,0,695,20.2,0
17,20119,0,0,0,0,0,0,67,40,279,171,9,46,38,34,14,7,183,219,13,0,0,0,-3,18,0,0,0,0,0,0,0,11,0,657,16.8,0
20,18862,3,8,7,0,6,5,61,45,417,294,65,41,48,10,7,8,295,194,7,0,0,0,-3,6,0,0,0,0,0,0,0,4,0,536,12,25
20,18862,3,8,7,0,6,5,61,45,417,294,65,41,48,10,7,8,295,194,1,0,0,0,1,0,0,0,0,0,0,0,0,0,0,542,14,66.7
20,18862,3,8,7,0,6,5,61,45,417,294,65,41,48,10,7,8,295,194,7,0,2,2,4,5,0.29,0,0,0,0,0,0,6,0,561,13.3,35.7
16,14827,3,1,1,0,1,1,45,40,135,109,36,61,38,33,3,6,164,161,19,1,1,2,-2,7,0.11,0,0,0,0,0,0,26,3.8,526,12.5,0
16,14827,3,1,1,0,1,1,45,40,135,109,36,61,38,33,3,6,164,161,19,1,1,2,-2,7,0.11,0,0,0,0,0,0,26,3.8,526,12.5,0
1,1225,0,0,1,0,0,1,4,4,48,45,5,1,3,1,0,0,37,11,49,5,8,13,-10,12,0.27,0,3,0,0,1,0,66,7.6,780,18.6,42.9
1,1225,0,0,1,0,0,1,4,4,48,45,5,1,3,1,0,0,37,11,49,5,8,13,-10,12,0.27,0,3,0,0,1,0,66,7.6,780,18.6,42.9
28,25569,4,3,0,0,2,0,48,42,235,183,31,55,41,39,9,7,207,385,2,0,0,0,-1,5,0,0,0,0,0,0,0,0,0,544,12,31.3
28,25569,4,3,0,0,2,0,48,42,235,183,31,55,41,39,9,7,207,385,5,0,0,0,0,2,0,0,0,0,0,0,0,3,0,403,10.4,50
24,30195,1,5,2,0,4,2,79,66,507,397,23,89,136,92,9,5,313,404,5,0,1,1,1,2,0.2,0,0,0,0,0,0,3,0,819,17.4,0
24,30195,1,5,2,0,4,2,79,66,507,397,23,89,136,92,9,5,313,404,9,0,2,2,-3,4,0.22,0,0,0,0,0,0,8,0,1108,27.1,0
24,30195,1,5,2,0,4,2,79,66,507,397,23,89,136,92,9,5,313,404,6,0,0,0,-1,0,0,0,0,0,0,0,0,3,0,1068,25.2,0
29,19544,3,1,0,0,1,0,84,58,220,152,30,63,43,27,12,14,214,187,3,0,0,0,-4,4,0,0,0,0,0,0,0,7,0,653,15.7,0
24,30195,1,5,2,0,4,2,79,66,507,397,23,89,136,92,9,5,313,404,9,0,2,2,-3,4,0.22,0,0,0,0,0,0,8,0,1108,27.1,0
24,30195,1,5,2,0,4,2,79,66,507,397,23,89,136,92,9,5,313,404,6,0,0,0,-1,0,0,0,0,0,0,0,0,3,0,1068,25.2,0
29,19544,3,1,0,0,1,0,84,58,220,152,30,63,43,27,12,14,214,187,3,0,0,0,-4,4,0,0,0,0,0,0,0,7,0,653,15.7,0
25,27709,10,6,4,0,2,4,80,64,355,230,51,42,51,21,8,5,298,279,7,1,1,2,0,2,0.29,0,0,0,0,0,0,10,10,722,16.9,0
23,20135,8,4,4,0,4,4,67,50,220,165,49,36,60,21,6,6,213,204,23,1,1,2,-7,27,0.09,0,0,0,0,0,0,29,3.4,770,17.3,42.5
25,27709,10,6,4,0,2,4,80,64,355,230,51,42,51,21,8,5,298,279,10,0,1,1,-5,4,0.1,0,0,0,0,0,0,9,0,782,16.8,51.1
23,20135,8,4,4,0,4,4,67,50,220,165,49,36,60,21,6,6,213,204,23,1,1,2,-7,27,0.09,0,0,0,0,0,0,29,3.4,770,17.3,42.5
25,27709,10,6,4,0,2,4,80,64,355,230,51,42,51,21,8,5,298,279,10,0,1,1,-5,4,0.1,0,0,0,0,0,0,9,0,782,16.8,51.1
25,20973,2,0,2,0,0,1,65,55,179,145,41,70,43,30,11,9,186,355,11,0,0,0,0,24,0,0,0,0,0,0,0,6,0,430,11,0
25,20973,2,0,2,0,0,1,65,55,179,145,41,70,43,30,11,9,186,355,53,8,2,10,-2,97,0.19,0,0,0,0,0,0,50,16,558,13.3,50
25,20973,2,0,2,0,0,1,65,55,179,145,41,70,43,30,11,9,186,355,3,0,0,0,0,17,0,0,0,0,0,0,0,4,0,496,14.3,100
25,20973,2,0,2,0,0,1,65,55,179,145,41,70,43,30,11,9,186,355,3,0,0,0,0,17,0,0,0,0,0,0,0,4,0,496,14.3,100
25,17671,1,1,0,0,1,0,37,29,219,150,44,39,42,14,7,3,222,190,11,1,1,2,1,6,0.18,0,0,0,0,0,0,6,16.7,564,13.8,0
25,17671,1,1,0,0,1,0,37,29,219,150,44,39,42,14,7,3,222,190,3,0,0,0,-2,0,0,0,0,0,0,0,0,1,0,451,10.7,0
25,17671,1,1,0,0,1,0,37,29,219,150,44,39,42,14,7,3,222,190,1,0,0,0,0,0,0,0,0,0,0,0,0,1,0,291,7,0
25,17671,1,1,0,0,1,0,37,29,219,150,44,39,42,14,7,3,222,190,1,0,0,0,0,0,0,0,0,0,0,0,0,1,0,291,7,0
2,1258,0,0,0,0,0,0,2,2,21,19,2,4,3,5,4,2,13,16,41,1,5,6,-9,8,0.15,0,0,0,0,0,0,42,2.4,790,18.8,43
2,1258,0,0,0,0,0,0,2,2,21,19,2,4,3,5,4,2,13,16,25,0,1,1,-4,4,0.04,0,0,0,0,0,0,12,0,700,18.3,46.3
2,1258,0,0,0,0,0,0,2,2,21,19,2,4,3,5,4,2,13,16,71,7,22,29,10,14,0.41,0,0,2,6,0,0,104,6.7,952,23.8,52.1
2,1258,0,0,0,0,0,0,2,2,21,19,2,4,3,5,4,2,13,16,7,0,0,0,-2,0,0,0,0,0,0,0,0,5,0,802,20.3,47.4
2,1258,0,0,0,0,0,0,2,2,21,19,2,4,3,5,4,2,13,16,67,7,9,16,5,12,0.24,0,0,1,1,0,0,100,7,944,21.8,55.8
2,1258,0,0,0,0,0,0,2,2,21,19,2,4,3,5,4,2,13,16,14,0,3,3,-1,4,0.21,0,0,0,2,0,0,10,0,676,18,63.3
2,1258,0,0,0,0,0,0,2,2,21,19,2,4,3,5,4,2,13,16,63,5,9,14,-4,16,0.22,0,0,1,1,2,0,69,7.2,807,18.3,56.1
2,1258,0,0,0,0,0,0,2,2,21,19,2,4,3,5,4,2,13,16,6,1,1,2,2,0,0.33,0,0,1,2,0,0,11,9.1,661,16.7,67.9
2,1258,0,0,0,0,0,0,2,2,21,19,2,4,3,5,4,2,13,16,36,4,6,10,4,12,0.28,0,0,0,0,0,0,40,10,617,14.3,61
2,1258,0,0,0,0,0,0,2,2,21,19,2,4,3,5,4,2,13,16,9,0,0,0,-1,6,0,0,0,0,0,0,0,13,0,774,22.1,68.8
2,1258,0,0,0,0,0,0,2,2,21,19,2,4,3,5,4,2,13,16,60,3,6,9,-5,16,0.15,0,0,1,1,1,0,77,3.9,782,19.4,58
2,1258,0,0,0,0,0,0,2,2,21,19,2,4,3,5,4,2,13,16,16,0,2,2,-2,6,0.13,0,0,0,0,0,0,17,0,1069,25.8,59.3
2,1258,0,0,0,0,0,0,2,2,21,19,2,4,3,5,4,2,13,16,75,8,15,23,9,10,0.31,0,0,1,3,2,0,114,7,955,21.5,56.8
2,1258,0,0,0,0,0,0,2,2,21,19,2,4,3,5,4,2,13,16,48,4,10,14,0,8,0.29,0,2,0,1,0,0,59,6.8,900,21.9,57.3
2,1258,0,0,0,0,0,0,2,2,21,19,2,4,3,5,4,2,13,16,74,8,13,21,-15,20,0.28,1,4,1,2,1,0,80,10,885,24.5,56.5
2,1258,0,0,0,0,0,0,2,2,21,19,2,4,3,5,4,2,13,16,68,6,7,13,-5,17,0.19,1,1,1,2,1,0,65,9.2,799,22.4,55.9
2,1258,0,0,0,0,0,0,2,2,21,19,2,4,3,5,4,2,13,16,65,2,2,4,-7,10,0.06,0,0,1,1,0,0,53,3.8,732,18.8,57.9
2,1258,0,0,0,0,0,0,2,2,21,19,2,4,3,5,4,2,13,16,13,1,0,1,-5,2,0.08,0,0,0,0,0,0,8,12.5,490,14.2,55.8
2,1258,0,0,0,0,0,0,2,2,21,19,2,4,3,5,4,2,13,16,13,1,0,1,-5,2,0.08,0,0,0,0,0,0,8,12.5,490,14.2,55.8
28,30919,14,7,8,0,2,4,81,70,423,298,57,70,58,40,4,10,371,373,5,0,0,0,0,10,0,0,0,0,0,0,0,0,0,434,9.6,50
28,30919,14,7,8,0,2,4,81,70,423,298,57,70,58,40,4,10,371,373,7,0,0,0,-1,2,0,0,0,0,0,0,0,4,0,456,13.4,0
28,30919,14,7,8,0,2,4,81,70,423,298,57,70,58,40,4,10,371,373,1,0,0,0,0,0,0,0,0,0,0,0,0,0,0,724,18,0
28,30919,14,7,8,0,2,4,81,70,423,298,57,70,58,40,4,10,371,373,25,3,2,5,-2,6,0.2,1,1,0,0,0,0,37,8.1,791,20.1,42.3
28,30919,14,7,8,0,2,4,81,70,423,298,57,70,58,40,4,10,371,373,2,0,1,1,1,4,0.5,0,0,0,1,0,0,0,0,953,20.5,66.7
28,30919,14,7,8,0,2,4,81,70,423,298,57,70,58,40,4,10,371,373,2,0,0,0,-1,2,0,0,0,0,0,0,0,3,0,671,15.5,58.8
28,30919,14,7,8,0,2,4,81,70,423,298,57,70,58,40,4,10,371,373,2,0,0,0,-1,2,0,0,0,0,0,0,0,3,0,671,15.5,58.8
32,28320,3,3,4,0,1,4,62,46,345,232,42,44,43,24,13,8,251,297,9,0,2,2,1,0,0.22,0,0,0,0,0,0,6,0,602,15,12.5
32,28320,3,3,4,0,1,4,62,46,345,232,42,44,43,24,13,8,251,297,13,1,1,2,-7,16,0.15,0,0,0,0,0,0,10,10,527,13.7,47.8
32,28320,3,3,4,0,1,4,62,46,345,232,42,44,43,24,13,8,251,297,6,0,0,0,-1,2,0,0,0,0,0,0,0,4,0,353,10.5,54.5
32,28320,3,3,4,0,1,4,62,46,345,232,42,44,43,24,13,8,251,297,32,3,2,5,-4,23,0.16,0,0,0,0,0,0,16,18.8,406,10,46.9
32,28320,3,3,4,0,1,4,62,46,345,232,42,44,43,24,13,8,251,297,65,7,8,15,-8,74,0.23,0,0,0,0,2,0,65,10.8,609,14.7,61.2
32,28320,3,3,4,0,1,4,62,46,345,232,42,44,43,24,13,8,251,297,57,2,4,6,-11,75,0.11,0,0,0,0,0,0,31,6.5,572,14.5,64.5
26,30788,0,2,1,0,2,1,61,53,422,324,13,85,63,95,4,4,272,467,5,0,0,0,0,4,0,0,0,0,0,0,0,8,0,965,25.2,0
26,30788,0,2,1,0,2,1,61,53,422,324,13,85,63,95,4,4,272,467,5,0,0,0,0,4,0,0,0,0,0,0,0,8,0,965,25.2,0
18,20964,0,3,2,0,3,2,52,31,456,288,6,37,59,48,7,3,201,218,5,0,0,0,4,2,0,0,0,0,0,0,0,4,0,872,21.4,0
18,20964,0,3,2,0,3,2,52,31,456,288,6,37,59,48,7,3,201,218,27,2,2,4,-7,10,0.15,1,1,0,0,0,0,39,5.1,919,21.6,0
18,20964,0,3,2,0,3,2,52,31,456,288,6,37,59,48,7,3,201,218,26,0,1,1,-3,8,0.04,0,0,0,0,0,0,11,0,730,18.7,0
20,23282,6,8,10,0,6,4,121,89,534,369,109,47,93,26,1,6,308,187,6,1,2,3,-1,2,0.5,0,1,0,0,1,0,11,9.1,854,21,66.7
17,22996,1,7,3,0,5,3,80,56,531,382,16,47,91,39,0,5,258,242,7,0,0,0,-2,4,0,0,0,0,0,0,0,7,0,695,16,0
30,37064,1,4,4,0,3,4,90,68,586,477,9,108,105,96,3,1,358,562,1,0,0,0,0,0,0,0,0,0,0,0,0,0,0,390,8,0
30,37064,1,4,4,0,3,4,90,68,586,477,9,108,105,96,3,1,358,562,2,0,0,0,-1,0,0,0,0,0,0,0,0,3,0,1139,22.5,0
30,37064,1,4,4,0,3,4,90,68,586,477,9,108,105,96,3,1,358,562,2,0,0,0,-1,0,0,0,0,0,0,0,0,3,0,1139,22.5,0
26,26234,7,4,4,0,2,3,80,65,475,342,75,41,81,18,9,7,333,228,8,2,1,3,2,2,0.38,0,0,1,2,0,0,11,18.2,636,16.6,0
26,26234,7,4,4,0,2,3,80,65,475,342,75,41,81,18,9,7,333,228,41,5,12,17,5,6,0.41,1,1,0,1,0,0,29,17.2,716,16.9,40.9
26,26234,7,4,4,0,2,3,80,65,475,342,75,41,81,18,9,7,333,228,25,0,5,5,2,8,0.2,0,1,0,0,0,0,21,0,829,20.8,44.4
13,12968,2,2,2,0,0,1,36,24,125,78,16,24,12,7,3,3,130,128,4,0,0,0,-2,0,0,0,0,0,0,0,0,0,0,446,11.3,50
13,12968,2,2,2,0,0,1,36,24,125,78,16,24,12,7,3,3,130,128,8,0,0,0,-4,0,0,0,0,0,0,0,0,7,0,538,13.1,69.2
10,8561,0,0,1,0,0,1,23,19,100,78,14,16,15,15,2,3,106,95,5,0,1,1,-1,2,0.2,0,0,0,0,0,0,3,0,634,18,50
10,8561,0,0,1,0,0,1,23,19,100,78,14,16,15,15,2,3,106,95,73,7,14,21,-9,26,0.29,1,3,0,0,1,0,118,5.9,673,16.9,49.7
10,8561,0,0,1,0,0,1,23,19,100,78,14,16,15,15,2,3,106,95,73,8,10,18,-2,29,0.25,2,3,3,4,0,0,119,6.7,816,20.3,51.9
10,8561,0,0,1,0,0,1,23,19,100,78,14,16,15,15,2,3,106,95,7,1,5,6,2,4,0.86,0,2,0,0,0,0,20,5,1116,24.7,52.4
10,8561,0,0,1,0,0,1,23,19,100,78,14,16,15,15,2,3,106,95,82,21,16,37,-3,35,0.45,8,10,2,2,4,0,122,17.2,842,19.4,47.1
10,8561,0,0,1,0,0,1,23,19,100,78,14,16,15,15,2,3,106,95,14,3,4,7,0,10,0.5,2,2,0,0,0,0,24,12.5,1047,22.6,60
10,8561,0,0,1,0,0,1,23,19,100,78,14,16,15,15,2,3,106,95,82,23,30,53,-1,31,0.65,9,24,1,2,3,0,185,12.4,1036,21.7,51.1
10,8561,0,0,1,0,0,1,23,19,100,78,14,16,15,15,2,3,106,95,7,2,1,3,-2,4,0.43,0,0,0,0,1,0,21,9.5,1196,25,61.9
10,8561,0,0,1,0,0,1,23,19,100,78,14,16,15,15,2,3,106,95,78,25,34,59,16,34,0.76,12,21,1,2,4,2,222,11.3,1097,21.4,45.1
10,8561,0,0,1,0,0,1,23,19,100,78,14,16,15,15,2,3,106,95,9,1,6,7,0,2,0.78,0,1,0,0,0,0,21,4.8,1314,30,55.5
10,8561,0,0,1,0,0,1,23,19,100,78,14,16,15,15,2,3,106,95,82,16,32,48,14,46,0.59,4,13,1,3,3,1,207,7.7,1105,23.3,51.3
10,8561,0,0,1,0,0,1,23,19,100,78,14,16,15,15,2,3,106,95,14,2,5,7,1,6,0.5,0,1,0,0,0,0,26,7.7,1213,26.8,48.5
10,8561,0,0,1,0,0,1,23,19,100,78,14,16,15,15,2,3,106,95,82,16,25,41,-8,34,0.5,5,9,1,1,5,1,191,8.4,1109,24.9,47.6
10,8561,0,0,1,0,0,1,23,19,100,78,14,16,15,15,2,3,106,95,9,1,3,4,2,6,0.44,0,1,0,0,0,0,10,10,992,22.3,50.6
10,8561,0,0,1,0,0,1,23,19,100,78,14,16,15,15,2,3,106,95,51,8,7,15,-7,16,0.29,1,3,1,2,1,0,75,10.7,1035,23.3,44.1
10,8561,0,0,1,0,0,1,23,19,100,78,14,16,15,15,2,3,106,95,14,1,1,2,1,0,0.14,0,0,0,0,0,0,15,6.7,716,18.2,47.5
10,8561,0,0,1,0,0,1,23,19,100,78,14,16,15,15,2,3,106,95,66,7,13,20,-2,24,0.3,0,1,0,1,2,0,106,6.6,883,20.8,43.9
10,8561,0,0,1,0,0,1,23,19,100,78,14,16,15,15,2,3,106,95,81,2,12,14,-13,18,0.17,0,0,0,1,1,0,101,2,686,16.7,40.3
18,16268,3,2,1,0,2,0,53,41,221,155,31,42,34,12,7,4,211,187,3,1,1,2,2,4,0.67,0,0,0,0,1,0,5,20,516,14,0
18,16268,3,2,1,0,2,0,53,41,221,155,31,42,34,12,7,4,211,187,4,0,0,0,0,2,0,0,0,0,0,0,0,4,0,416,12.3,0
18,16268,3,2,1,0,2,0,53,41,221,155,31,42,34,12,7,4,211,187,4,0,0,0,0,2,0,0,0,0,0,0,0,4,0,416,12.3,0
25,29848,11,3,2,0,3,2,108,77,446,299,46,51,41,22,2,5,379,251,56,2,3,5,-11,16,0.09,0,0,0,0,0,0,64,3.1,757,19.9,48.3
25,29848,11,3,2,0,3,2,108,77,446,299,46,51,41,22,2,5,379,251,6,0,0,0,-3,5,0,0,0,0,0,0,0,6,0,633,15.8,46.4
25,29848,11,3,2,0,3,2,108,77,446,299,46,51,41,22,2,5,379,251,6,0,0,0,-3,5,0,0,0,0,0,0,0,6,0,633,15.8,46.4
28,31599,1,2,4,0,0,2,106,87,515,406,20,97,82,94,8,5,389,415,11,1,0,1,-3,16,0.09,0,0,0,0,0,0,4,25,763,18,0
28,31599,1,2,4,0,0,2,106,87,515,406,20,97,82,94,8,5,389,415,9,0,0,0,1,7,0,0,0,0,0,0,0,9,0,830,19.2,0
28,31599,1,2,4,0,0,2,106,87,515,406,20,97,82,94,8,5,389,415,12,1,3,4,1,13,0.33,0,0,0,0,0,0,8,12.5,751,17.9,0
28,31599,1,2,4,0,0,2,106,87,515,406,20,97,82,94,8,5,389,415,12,1,3,4,1,13,0.33,0,0,0,0,0,0,8,12.5,751,17.9,0
10,9856,2,4,3,0,3,3,30,26,209,146,26,8,27,7,0,2,134,82,3,1,0,1,1,0,0.33,0,0,0,0,0,0,1,100,402,10.3,42.9
23,25649,3,5,0,0,2,0,51,38,252,168,34,59,37,55,3,7,249,257,2,0,0,0,0,0,0,0,0,0,0,0,0,0,0,881,20,0
14,15795,4,2,2,0,1,1,44,38,305,248,45,30,34,10,5,6,252,150,20,0,3,3,3,4,0.15,0,0,0,0,0,0,22,0,737,19.4,51
14,15795,4,2,2,0,1,1,44,38,305,248,45,30,34,10,5,6,252,150,27,3,4,7,2,4,0.26,0,0,0,0,1,0,24,12.5,658,16.3,48
14,15795,4,2,2,0,1,1,44,38,305,248,45,30,34,10,5,6,252,150,20,0,3,3,3,4,0.15,0,0,0,0,0,0,22,0,737,19.4,51
14,15795,4,2,2,0,1,1,44,38,305,248,45,30,34,10,5,6,252,150,27,3,4,7,2,4,0.26,0,0,0,0,1,0,24,12.5,658,16.3,48
24,27482,7,2,1,0,1,1,112,93,481,378,65,75,91,30,2,5,368,343,6,1,0,1,1,2,0.17,0,0,0,0,0,0,9,11.1,542,12,0
17,20662,4,0,2,0,0,0,75,51,414,291,8,38,69,33,6,3,226,236,7,0,4,4,1,8,0.57,0,2,0,0,0,0,5,0,889,23.1,0
24,27482,7,2,1,0,1,1,112,93,481,378,65,75,91,30,2,5,368,343,7,0,0,0,-1,0,0,0,0,0,0,0,0,10,0,479,11.1,0
17,20662,4,0,2,0,0,0,75,51,414,291,8,38,69,33,6,3,226,236,11,0,0,0,-3,4,0,0,0,0,0,0,0,10,0,756,19.7,0
24,27482,7,2,1,0,1,1,112,93,481,378,65,75,91,30,2,5,368,343,7,0,0,0,-1,0,0,0,0,0,0,0,0,10,0,479,11.1,0
17,20662,4,0,2,0,0,0,75,51,414,291,8,38,69,33,6,3,226,236,11,0,0,0,-3,4,0,0,0,0,0,0,0,10,0,756,19.7,0
17,23509,2,5,2,0,5,2,134,112,495,386,19,57,105,58,3,2,336,230,7,0,0,0,0,0,0,0,0,0,0,0,0,8,0,851,18.6,0
26,31867,1,2,2,0,1,1,95,64,570,373,20,108,106,84,3,6,331,345,10,0,3,3,-3,0,0.3,0,0,0,0,0,0,3,0,732,17.7,0
17,23509,2,5,2,0,5,2,134,112,495,386,19,57,105,58,3,2,336,230,21,0,1,1,-3,2,0.05,0,1,0,0,0,0,35,0,1072,23.1,0
17,23509,2,5,2,0,5,2,134,112,495,386,19,57,105,58,3,2,336,230,4,0,1,1,3,0,0.25,0,0,0,0,0,0,4,0,747,16.5,0
17,23509,2,5,2,0,5,2,134,112,495,386,19,57,105,58,3,2,336,230,1,0,0,0,0,2,0,0,0,0,0,0,0,1,0,930,23,0
17,23509,2,5,2,0,5,2,134,112,495,386,19,57,105,58,3,2,336,230,6,0,0,0,-3,4,0,0,0,0,0,0,0,11,0,846,20.7,0
17,23509,2,5,2,0,5,2,134,112,495,386,19,57,105,58,3,2,336,230,34,2,8,10,9,8,0.29,0,3,0,0,0,0,45,4.4,1040,23.7,0
17,23509,2,5,2,0,5,2,134,112,495,386,19,57,105,58,3,2,336,230,6,0,0,0,-3,4,0,0,0,0,0,0,0,11,0,846,20.7,0
17,23509,2,5,2,0,5,2,134,112,495,386,19,57,105,58,3,2,336,230,34,2,8,10,9,8,0.29,0,3,0,0,0,0,45,4.4,1040,23.7,0
30,31300,6,4,7,0,0,4,40,27,580,391,69,31,63,17,8,13,293,284,9,0,0,0,-3,2,0,0,0,0,0,0,0,2,0,471,10.7,54.5
30,31300,6,4,7,0,0,4,40,27,580,391,69,31,63,17,8,13,293,284,4,0,0,0,0,0,0,0,0,0,0,0,0,3,0,532,11.5,48
30,31300,6,4,7,0,0,4,40,27,580,391,69,31,63,17,8,13,293,284,4,0,0,0,0,0,0,0,0,0,0,0,0,3,0,532,11.5,48
15,15161,6,3,2,0,3,0,63,47,288,199,42,22,46,21,6,3,202,149,3,0,2,2,2,0,0.67,0,0,0,0,0,0,3,0,641,15.3,0
15,15161,6,3,2,0,3,0,63,47,288,199,42,22,46,21,6,3,202,149,3,0,2,2,1,2,0.67,0,0,0,0,0,0,3,0,715,16,0
15,15161,6,3,2,0,3,0,63,47,288,199,42,22,46,21,6,3,202,149,3,0,2,2,1,2,0.67,0,0,0,0,0,0,3,0,715,16,0
29,28749,6,10,4,0,7,0,52,43,289,210,56,49,43,15,2,14,416,253,11,1,2,3,-3,4,0.27,0,0,0,0,0,0,18,5.6,674,16.2,100
29,28749,6,10,4,0,7,0,52,43,289,210,56,49,43,15,2,14,416,253,1,0,0,0,-1,0,0,0,0,0,0,0,0,0,0,257,7,0
33,35495,9,14,4,0,7,1,194,130,986,589,64,79,104,37,14,12,360,288,4,0,0,0,0,2,0,0,0,0,0,0,0,4,0,521,11.8,0
29,28749,6,10,4,0,7,0,52,43,289,210,56,49,43,15,2,14,416,253,22,3,2,5,0,6,0.23,0,0,0,0,0,0,27,11.1,719,15,100
33,35495,9,14,4,0,7,1,194,130,986,589,64,79,104,37,14,12,360,288,8,1,0,1,0,0,0.13,0,0,0,0,0,0,11,9.1,586,12,0
29,28749,6,10,4,0,7,0,52,43,289,210,56,49,43,15,2,14,416,253,38,3,10,13,-5,10,0.34,0,1,0,0,1,0,34,8.8,655,14.1,0
23,20138,2,5,0,0,5,0,55,50,256,212,36,59,51,43,2,4,234,268,6,1,1,2,-1,0,0.33,0,0,0,0,0,0,7,14.3,631,15.7,33.3
29,28749,6,10,4,0,7,0,52,43,289,210,56,49,43,15,2,14,416,253,1,0,0,0,0,0,0,0,0,0,0,0,0,0,0,663,12,0
33,35495,9,14,4,0,7,1,194,130,986,589,64,79,104,37,14,12,360,288,21,0,3,3,-6,10,0.14,0,2,0,0,0,0,21,0,574,12,0
29,28749,6,10,4,0,7,0,52,43,289,210,56,49,43,15,2,14,416,253,8,2,1,3,-1,0,0.38,0,0,0,0,1,0,11,18.2,575,12.1,0
29,28749,6,10,4,0,7,0,52,43,289,210,56,49,43,15,2,14,416,253,7,1,0,1,1,0,0.14,0,0,0,0,0,0,9,11.1,742,17,0
29,28749,6,10,4,0,7,0,52,43,289,210,56,49,43,15,2,14,416,253,60,7,9,16,5,10,0.27,0,0,0,0,3,0,91,7.7,709,15,25
23,20138,2,5,0,0,5,0,55,50,256,212,36,59,51,43,2,4,234,268,45,3,4,7,-4,16,0.16,0,0,0,0,1,0,55,5.5,623,15.7,54.5
27,30655,3,2,2,0,2,1,46,35,418,344,18,57,59,54,10,6,318,433,2,0,0,0,-3,4,0,0,0,0,0,0,0,0,0,832,19,0
29,28749,6,10,4,0,7,0,52,43,289,210,56,49,43,15,2,14,416,253,8,1,2,3,2,0,0.38,0,0,0,0,0,0,10,10,633,14.8,0
23,20138,2,5,0,0,5,0,55,50,256,212,36,59,51,43,2,4,234,268,47,4,3,7,-1,11,0.15,0,0,0,0,1,0,61,6.6,623,15.9,42.1
27,30655,3,2,2,0,2,1,46,35,418,344,18,57,59,54,10,6,318,433,21,0,3,3,-4,11,0.14,0,0,0,0,0,0,10,0,747,17.6,0
23,20138,2,5,0,0,5,0,55,50,256,212,36,59,51,43,2,4,234,268,6,1,0,1,0,0,0.17,0,0,0,0,0,0,7,14.3,554,14,43.5
33,35495,9,14,4,0,7,1,194,130,986,589,64,79,104,37,14,12,360,288,18,1,3,4,-6,6,0.22,0,3,0,0,1,0,24,4.2,724,16.3,0
22,20786,9,0,0,0,0,0,61,56,249,197,50,80,64,47,10,6,244,242,5,0,0,0,0,2,0,0,0,0,0,0,0,6,0,458,9.2,0
29,28749,6,10,4,0,7,0,52,43,289,210,56,49,43,15,2,14,416,253,12,1,1,2,3,2,0.17,0,0,0,0,0,0,15,6.7,682,15.7,0
23,20138,2,5,0,0,5,0,55,50,256,212,36,59,51,43,2,4,234,268,29,2,6,8,5,0,0.28,0,0,0,0,2,0,46,4.3,698,18.7,43.1
27,30655,3,2,2,0,2,1,46,35,418,344,18,57,59,54,10,6,318,433,6,0,0,0,-3,9,0,0,0,0,0,0,0,5,0,759,18.7,0
16,17949,7,7,6,0,3,5,82,65,370,265,32,32,36,16,3,9,213,190,3,1,0,1,0,0,0.33,0,0,0,0,1,0,1,100,576,13,100
23,20138,2,5,0,0,5,0,55,50,256,212,36,59,51,43,2,4,234,268,6,1,2,3,2,0,0.5,0,0,0,0,0,0,15,6.7,733,19.2,33.3
10,11965,0,0,1,0,0,1,20,17,166,127,1,28,25,19,1,1,116,197,9,0,2,2,1,5,0.22,0,0,0,0,0,0,4,0,563,15.4,0
22,20786,9,0,0,0,0,0,61,56,249,197,50,80,64,47,10,6,244,242,12,1,1,2,0,17,0.17,0,0,0,0,0,0,8,12.5,521,12.5,37.5
29,28749,6,10,4,0,7,0,52,43,289,210,56,49,43,15,2,14,416,253,19,4,1,5,-3,2,0.26,0,0,0,0,0,0,17,23.5,706,15.3,0
23,20138,2,5,0,0,5,0,55,50,256,212,36,59,51,43,2,4,234,268,22,0,1,1,-3,0,0.05,0,0,0,0,0,0,24,0,622,15.7,30
27,30655,3,2,2,0,2,1,46,35,418,344,18,57,59,54,10,6,318,433,18,2,1,3,0,15,0.17,0,0,0,0,0,0,17,11.8,895,22.4,0
16,17949,7,7,6,0,3,5,82,65,370,265,32,32,36,16,3,9,213,190,10,0,2,2,-4,0,0.2,0,2,0,0,0,0,13,0,724,16.3,0
23,20138,2,5,0,0,5,0,55,50,256,212,36,59,51,43,2,4,234,268,3,0,1,1,1,0,0.33,0,0,0,0,0,0,2,0,490,14.7,0
22,20786,9,0,0,0,0,0,61,56,249,197,50,80,64,47,10,6,244,242,5,1,0,1,1,2,0.2,0,0,0,0,0,0,4,25,387,9.6,33.3
29,28749,6,10,4,0,7,0,52,43,289,210,56,49,43,15,2,14,416,253,2,0,0,0,1,4,0,0,0,0,0,0,0,3,0,529,12.5,0
23,20138,2,5,0,0,5,0,55,50,256,212,36,59,51,43,2,4,234,268,24,1,1,2,-3,6,0.08,0,0,0,0,1,0,24,4.2,573,14.8,44.4
27,30655,3,2,2,0,2,1,46,35,418,344,18,57,59,54,10,6,318,433,20,0,3,3,-12,8,0.15,0,0,0,0,0,0,15,0,854,20,0
16,17949,7,7,6,0,3,5,82,65,370,265,32,32,36,16,3,9,213,190,57,11,9,20,-4,14,0.35,3,4,0,0,0,0,71,15.5,763,18.1,54.5
23,20138,2,5,0,0,5,0,55,50,256,212,36,59,51,43,2,4,234,268,6,1,0,1,0,0,0.17,0,0,0,0,0,0,4,25,613,17.3,0
22,20786,9,0,0,0,0,0,61,56,249,197,50,80,64,47,10,6,244,242,1,0,0,0,0,0,0,0,0,0,0,0,0,1,0,461,11,0
23,20138,2,5,0,0,5,0,55,50,256,212,36,59,51,43,2,4,234,268,61,4,3,7,-6,6,0.11,0,0,0,0,0,0,45,8.9,578,14.1,0
27,30655,3,2,2,0,2,1,46,35,418,344,18,57,59,54,10,6,318,433,3,0,0,0,-2,4,0,0,0,0,0,0,0,5,0,923,25.3,0
16,17949,7,7,6,0,3,5,82,65,370,265,32,32,36,16,3,9,213,190,68,8,3,11,-12,16,0.16,0,0,0,0,0,0,78,10.3,676,16,11.1
16,17949,7,7,6,0,3,5,82,65,370,265,32,32,36,16,3,9,213,190,14,2,2,4,-1,4,0.29,0,0,0,0,0,0,15,13.3,593,15.2,50
16,17949,7,7,6,0,3,5,82,65,370,265,32,32,36,16,3,9,213,190,14,2,2,4,-1,4,0.29,0,0,0,0,0,0,15,13.3,593,15.2,50
30,22818,12,6,3,0,2,1,123,85,339,215,55,60,48,31,1,8,232,216,1,0,0,0,0,0,0,0,0,0,0,0,0,2,0,766,17,0
30,22818,12,6,3,0,2,1,123,85,339,215,55,60,48,31,1,8,232,216,2,0,0,0,-1,0,0,0,0,0,0,0,0,1,0,431,10,0
30,22818,12,6,3,0,2,1,123,85,339,215,55,60,48,31,1,8,232,216,18,1,0,1,-2,7,0.06,0,0,0,0,0,0,26,3.8,545,13.2,0
30,22818,12,6,3,0,2,1,123,85,339,215,55,60,48,31,1,8,232,216,6,0,2,2,1,2,0.33,0,0,0,0,0,0,9,0,536,14,0
18,14770,3,3,4,0,3,4,32,29,168,134,33,36,18,18,5,2,194,159,1,0,0,0,0,0,0,0,0,0,0,0,0,2,0,612,15,20
21,29237,1,2,7,0,1,3,125,99,579,424,19,65,112,71,6,5,386,288,3,0,0,0,1,0,0,0,0,0,0,0,0,1,0,754,17.3,0
21,29237,1,2,7,0,1,3,125,99,579,424,19,65,112,71,6,5,386,288,16,0,1,1,-1,17,0.06,0,0,0,0,0,0,15,0,910,20.6,0
21,29237,1,2,7,0,1,3,125,99,579,424,19,65,112,71,6,5,386,288,16,0,2,2,-4,6,0.13,0,0,0,1,0,0,15,0,1114,27.4,0
21,29237,1,2,7,0,1,3,125,99,579,424,19,65,112,71,6,5,386,288,12,0,1,1,2,2,0.08,0,0,0,0,0,0,8,0,835,18.9,0
24,27923,6,8,7,0,6,4,70,51,499,369,62,59,43,27,9,7,354,331,2,0,0,0,0,0,0,0,0,0,0,0,0,5,0,757,15,0
24,27923,6,8,7,0,6,4,70,51,499,369,62,59,43,27,9,7,354,331,4,0,1,1,2,0,0.25,0,0,0,0,0,0,6,0,428,11.3,0
24,27923,6,8,7,0,6,4,70,51,499,369,62,59,43,27,9,7,354,331,4,0,1,1,2,0,0.25,0,0,0,0,0,0,6,0,428,11.3,0
29,27939,12,3,3,0,3,1,92,71,392,281,61,72,43,24,6,7,388,295,2,1,0,1,1,0,0.5,0,0,0,0,0,0,3,33.3,401,10.5,0
25,23075,3,3,2,0,3,1,64,38,257,185,38,63,52,31,3,4,256,238,24,6,7,13,2,10,0.54,0,0,0,0,2,0,57,10.5,905,19.6,45.8
25,23075,3,3,2,0,3,1,64,38,257,185,38,63,52,31,3,4,256,238,7,0,1,1,1,0,0.14,0,0,0,0,0,0,12,0,839,19.4,100
25,23075,3,3,2,0,3,1,64,38,257,185,38,63,52,31,3,4,256,238,82,17,20,37,-4,46,0.45,4,8,0,0,0,0,184,9.2,935,21.4,41.9
29,27939,12,3,3,0,3,1,92,71,392,281,61,72,43,24,6,7,388,295,5,0,0,0,0,0,0,0,0,0,0,0,0,6,0,508,10.4,0
25,23075,3,3,2,0,3,1,64,38,257,185,38,63,52,31,3,4,256,238,10,3,1,4,-1,2,0.4,0,0,0,0,1,1,21,14.3,956,24.1,61.5
29,27939,12,3,3,0,3,1,92,71,392,281,61,72,43,24,6,7,388,295,6,2,1,3,2,2,0.5,0,0,0,0,0,0,14,14.3,717,19.2,22.2
25,23075,3,3,2,0,3,1,64,38,257,185,38,63,52,31,3,4,256,238,47,8,11,19,5,11,0.4,2,4,0,0,2,0,80,10,883,20.7,46.8
29,27939,12,3,3,0,3,1,92,71,392,281,61,72,43,24,6,7,388,295,45,7,10,17,-1,32,0.38,1,1,0,0,0,0,82,8.5,682,16,50
25,23075,3,3,2,0,3,1,64,38,257,185,38,63,52,31,3,4,256,238,76,6,11,17,-15,41,0.22,2,3,0,0,1,0,108,5.6,824,20.5,37.3
29,27939,12,3,3,0,3,1,92,71,392,281,61,72,43,24,6,7,388,295,70,8,10,18,-22,34,0.26,0,0,0,0,0,0,96,8.3,743,16.9,46.7
29,27939,12,3,3,0,3,1,92,71,392,281,61,72,43,24,6,7,388,295,2,0,0,0,1,2,0,0,0,0,0,0,0,1,0,705,21,0
25,23075,3,3,2,0,3,1,64,38,257,185,38,63,52,31,3,4,256,238,26,1,0,1,-5,29,0.04,0,0,0,0,0,0,39,2.6,589,14.1,66.7
29,27939,12,3,3,0,3,1,92,71,392,281,61,72,43,24,6,7,388,295,18,2,6,8,-3,0,0.44,0,0,0,0,0,0,29,6.9,630,16.2,50
24,22789,2,7,0,0,3,0,86,66,403,295,65,45,56,18,6,4,327,201,1,0,0,0,0,0,0,0,0,0,0,0,0,1,0,366,9,40
29,27939,12,3,3,0,3,1,92,71,392,281,61,72,43,24,6,7,388,295,3,0,0,0,0,0,0,0,0,0,0,0,0,4,0,531,12.7,100
25,23075,3,3,2,0,3,1,64,38,257,185,38,63,52,31,3,4,256,238,31,7,8,15,-2,13,0.48,1,2,0,0,0,0,58,12.1,845,18.6,61.9
29,27939,12,3,3,0,3,1,92,71,392,281,61,72,43,24,6,7,388,295,5,1,0,1,0,7,0.2,0,0,0,0,0,0,4,25,488,12,0
29,27939,12,3,3,0,3,1,92,71,392,281,61,72,43,24,6,7,388,295,3,1,0,1,1,0,0.33,0,0,0,0,0,0,5,20,541,12.3,0
29,27939,12,3,3,0,3,1,92,71,392,281,61,72,43,24,6,7,388,295,3,1,0,1,1,0,0.33,0,0,0,0,0,0,5,20,541,12.3,0
26,21062,4,3,3,0,2,1,50,37,204,156,37,50,48,21,14,24,206,230,4,0,0,0,1,2,0,0,0,0,0,0,0,2,0,710,16.3,61.5
26,21062,4,3,3,0,2,1,50,37,204,156,37,50,48,21,14,24,206,230,4,0,0,0,1,2,0,0,0,0,0,0,0,2,0,710,16.3,61.5
25,21689,3,8,4,0,7,2,61,44,222,162,35,69,48,30,4,2,206,250,7,1,0,1,-1,0,0.14,0,0,0,0,0,0,4,25,476,13.4,47.1
25,21689,3,8,4,0,7,2,61,44,222,162,35,69,48,30,4,2,206,250,2,0,0,0,0,0,0,0,0,0,0,0,0,2,0,384,10,81.8
25,21689,3,8,4,0,7,2,61,44,222,162,35,69,48,30,4,2,206,250,20,2,5,7,3,4,0.35,0,0,0,0,0,0,11,18.2,577,13.2,50.9
21,23563,5,10,5,0,7,5,95,72,473,338,52,47,62,19,14,17,362,194,8,3,0,3,-2,31,0.38,1,1,0,0,1,0,9,33.3,717,18.4,28.6
21,23563,5,10,5,0,7,5,95,72,473,338,52,47,62,19,14,17,362,194,47,11,18,29,3,20,0.62,1,4,0,0,3,0,67,16.4,838,18.8,26.7
21,23563,5,10,5,0,7,5,95,72,473,338,52,47,62,19,14,17,362,194,79,7,19,26,1,50,0.33,1,1,0,0,2,1,100,7,776,18,64.3
21,23563,5,10,5,0,7,5,95,72,473,338,52,47,62,19,14,17,362,194,15,1,2,3,-3,14,0.2,0,0,0,0,0,0,23,4.3,808,17.4,33.3
21,23563,5,10,5,0,7,5,95,72,473,338,52,47,62,19,14,17,362,194,11,1,3,4,0,4,0.36,1,1,0,0,0,0,16,6.3,693,17.6,50
21,23563,5,10,5,0,7,5,95,72,473,338,52,47,62,19,14,17,362,194,11,1,3,4,0,4,0.36,1,1,0,0,0,0,16,6.3,693,17.6,50
22,23345,3,3,3,0,3,3,43,38,367,312,66,42,66,27,2,7,304,299,1,0,0,0,-1,0,0,0,0,0,0,0,0,0,0,704,17,30
22,23345,3,3,3,0,3,3,43,38,367,312,66,42,66,27,2,7,304,299,1,0,0,0,-1,0,0,0,0,0,0,0,0,0,0,704,17,30
8,8360,2,0,0,0,0,0,24,16,105,77,19,15,21,4,1,4,95,93,6,0,0,0,0,2,0,0,0,0,0,0,0,9,0,831,21.5,100
8,8360,2,0,0,0,0,0,24,16,105,77,19,15,21,4,1,4,95,93,67,6,9,15,1,14,0.22,0,0,0,0,0,0,92,6.5,773,18.3,47.3
8,8360,2,0,0,0,0,0,24,16,105,77,19,15,21,4,1,4,95,93,76,6,14,20,-1,18,0.26,1,2,1,4,0,0,78,7.7,831,19.5,43.8
8,8360,2,0,0,0,0,0,24,16,105,77,19,15,21,4,1,4,95,93,1,0,0,0,0,0,0,0,0,0,0,0,0,0,0,436,11,50
8,8360,2,0,0,0,0,0,24,16,105,77,19,15,21,4,1,4,95,93,37,1,3,4,-8,4,0.11,0,0,0,0,0,0,26,3.8,548,13.7,39.4
8,8360,2,0,0,0,0,0,24,16,105,77,19,15,21,4,1,4,95,93,1,0,0,0,0,0,0,0,0,0,0,0,0,0,0,436,11,50
8,8360,2,0,0,0,0,0,24,16,105,77,19,15,21,4,1,4,95,93,37,1,3,4,-8,4,0.11,0,0,0,0,0,0,26,3.8,548,13.7,39.4
1,1243,1,0,0,0,0,0,4,1,20,2,0,0,0,0,0,0,3,0,23,6,3,9,0,8,0.39,1,1,0,0,1,0,39,15.4,724,18.1,0
24,23189,3,0,2,0,0,1,50,38,241,188,49,52,45,44,8,7,194,337,11,0,0,0,-2,0,0,0,0,0,0,0,0,7,0,524,11.8,100
1,1243,1,0,0,0,0,0,4,1,20,2,0,0,0,0,0,0,3,0,33,2,7,9,4,6,0.27,0,0,0,0,1,0,44,4.5,615,15.5,66.7
1,1243,1,0,0,0,0,0,4,1,20,2,0,0,0,0,0,0,3,0,33,2,7,9,4,6,0.27,0,0,0,0,1,0,44,4.5,615,15.5,66.7
23,22993,5,6,7,0,5,6,71,56,361,280,55,44,56,24,1,7,303,250,8,0,0,0,-3,2,0,0,0,0,0,0,0,7,0,794,16.1,0
23,22993,5,6,7,0,5,6,71,56,361,280,55,44,56,24,1,7,303,250,8,0,0,0,-3,2,0,0,0,0,0,0,0,7,0,794,16.1,0
27,28613,7,5,4,0,4,3,100,72,275,188,56,82,47,40,7,8,317,289,16,1,2,3,1,0,0.19,0,0,0,0,0,0,11,9.1,467,12.4,0
20,20530,3,2,2,0,2,1,49,41,352,254,10,43,41,35,5,6,199,213,13,1,4,5,-1,13,0.38,0,0,0,0,0,0,13,7.7,872,18.5,0
27,16382,2,1,1,0,1,0,39,35,190,161,33,53,29,33,16,11,209,222,5,0,1,1,1,5,0.2,0,0,0,0,0,0,3,0,491,13.4,0
22,29057,6,6,9,0,4,6,154,123,593,438,48,62,130,62,7,2,427,345,6,1,1,2,1,0,0.33,0,0,0,0,0,0,10,10,970,19.7,0
22,29057,6,6,9,0,4,6,154,123,593,438,48,62,130,62,7,2,427,345,4,0,1,1,1,0,0.25,0,0,0,0,0,0,7,0,1065,23,0
22,29057,6,6,9,0,4,6,154,123,593,438,48,62,130,62,7,2,427,345,22,1,1,2,-9,2,0.09,1,2,0,0,0,0,40,2.5,1027,23.2,0
22,29057,6,6,9,0,4,6,154,123,593,438,48,62,130,62,7,2,427,345,7,0,1,1,-3,6,0.14,0,0,0,0,0,0,14,0,944,22.6,0
22,29057,6,6,9,0,4,6,154,123,593,438,48,62,130,62,7,2,427,345,7,0,1,1,-3,6,0.14,0,0,0,0,0,0,14,0,944,22.6,0
4,4025,1,1,1,0,1,0,14,8,72,53,15,6,11,4,3,2,49,30,47,6,4,10,-5,8,0.21,2,2,0,0,1,1,67,9,674,15.3,36.4
4,4025,1,1,1,0,1,0,14,8,72,53,15,6,11,4,3,2,49,30,47,6,4,10,-5,8,0.21,2,2,0,0,1,1,67,9,674,15.3,36.4
16,20329,1,4,3,0,4,3,86,75,420,330,27,53,79,39,2,4,311,245,34,2,5,7,-11,4,0.21,1,4,0,0,2,0,56,3.6,1052,22.4,0
16,20329,1,4,3,0,4,3,86,75,420,330,27,53,79,39,2,4,311,245,2,0,0,0,1,2,0,0,0,0,0,0,0,5,0,881,24.5,0
16,20329,1,4,3,0,4,3,86,75,420,330,27,53,79,39,2,4,311,245,22,0,7,7,4,2,0.32,0,0,0,0,0,0,25,0,927,21.2,0
16,20329,1,4,3,0,4,3,86,75,420,330,27,53,79,39,2,4,311,245,11,0,0,0,-4,4,0,0,0,0,0,0,0,11,0,893,20.9,0
16,20329,1,4,3,0,4,3,86,75,420,330,27,53,79,39,2,4,311,245,11,0,0,0,-4,4,0,0,0,0,0,0,0,11,0,893,20.9,0
25,23747,3,8,3,0,6,3,76,65,466,366,57,56,58,29,4,2,418,231,3,0,1,1,0,0,0.33,0,0,0,0,0,0,2,0,364,9.3,0
25,23747,3,8,3,0,6,3,76,65,466,366,57,56,58,29,4,2,418,231,2,0,1,1,-1,0,0.5,0,0,0,0,0,0,2,0,782,20.5,0
25,23747,3,8,3,0,6,3,76,65,466,366,57,56,58,29,4,2,418,231,2,0,1,1,-1,0,0.5,0,0,0,0,0,0,2,0,782,20.5,0
4,4144,1,0,1,0,0,0,9,4,59,34,2,11,5,4,2,1,28,32,2,0,0,0,-1,7,0,0,0,0,0,0,0,0,0,421,12,0
3,3151,0,0,0,0,0,0,14,9,61,43,0,8,6,8,4,3,40,42,2,0,0,0,-1,7,0,0,0,0,0,0,0,0,0,421,12,0
4,4144,1,0,1,0,0,0,9,4,59,34,2,11,5,4,2,1,28,32,1,0,0,0,0,9,0,0,0,0,0,0,0,0,0,482,16,0
3,3151,0,0,0,0,0,0,14,9,61,43,0,8,6,8,4,3,40,42,1,0,0,0,0,9,0,0,0,0,0,0,0,0,0,482,16,0
4,4144,1,0,1,0,0,0,9,4,59,34,2,11,5,4,2,1,28,32,1,0,0,0,1,0,0,0,0,0,0,0,0,1,0,547,17,0
3,3151,0,0,0,0,0,0,14,9,61,43,0,8,6,8,4,3,40,42,1,0,0,0,1,0,0,0,0,0,0,0,0,1,0,547,17,0
4,4144,1,0,1,0,0,0,9,4,59,34,2,11,5,4,2,1,28,32,34,2,2,4,7,64,0.12,0,0,0,0,0,0,28,7.1,847,20.6,0
3,3151,0,0,0,0,0,0,14,9,61,43,0,8,6,8,4,3,40,42,34,2,2,4,7,64,0.12,0,0,0,0,0,0,28,7.1,847,20.6,0
4,4144,1,0,1,0,0,0,9,4,59,34,2,11,5,4,2,1,28,32,6,1,0,1,-2,14,0.17,0,0,0,0,0,0,3,33.3,571,12.7,0
3,3151,0,0,0,0,0,0,14,9,61,43,0,8,6,8,4,3,40,42,6,1,0,1,-2,14,0.17,0,0,0,0,0,0,3,33.3,571,12.7,0
4,4144,1,0,1,0,0,0,9,4,59,34,2,11,5,4,2,1,28,32,6,1,0,1,-2,14,0.17,0,0,0,0,0,0,3,33.3,571,12.7,0
3,3151,0,0,0,0,0,0,14,9,61,43,0,8,6,8,4,3,40,42,6,1,0,1,-2,14,0.17,0,0,0,0,0,0,3,33.3,571,12.7,0
1,296,0,0,0,0,0,0,1,0,4,2,0,1,0,1,0,0,1,1,35,1,2,3,-1,94,0.09,0,0,0,0,0,0,20,5,341,8.5,0
1,296,0,0,0,0,0,0,1,0,4,2,0,1,0,1,0,0,1,1,35,2,3,5,-1,129,0.14,0,0,0,0,1,0,21,9.5,368,9.3,0
1,296,0,0,0,0,0,0,1,0,4,2,0,1,0,1,0,0,1,1,58,1,5,6,1,178,0.1,0,0,0,0,0,0,33,3,394,9.3,33.3
1,296,0,0,0,0,0,0,1,0,4,2,0,1,0,1,0,0,1,1,44,1,2,3,-2,110,0.07,0,0,0,0,0,0,20,5,292,7.8,0
1,296,0,0,0,0,0,0,1,0,4,2,0,1,0,1,0,0,1,1,51,4,5,9,-4,87,0.18,0,0,0,0,0,0,28,14.3,294,8.1,50
1,296,0,0,0,0,0,0,1,0,4,2,0,1,0,1,0,0,1,1,4,0,0,0,-1,24,0,0,0,0,0,0,0,1,0,303,7.5,0
1,296,0,0,0,0,0,0,1,0,4,2,0,1,0,1,0,0,1,1,45,3,4,7,2,49,0.16,0,0,0,0,0,0,42,7.1,376,9.6,50
1,296,0,0,0,0,0,0,1,0,4,2,0,1,0,1,0,0,1,1,74,4,5,9,-10,127,0.12,0,0,0,0,0,0,64,6.3,446,10.6,25
1,296,0,0,0,0,0,0,1,0,4,2,0,1,0,1,0,0,1,1,76,3,10,13,-3,176,0.17,0,0,0,0,0,0,71,4.2,452,10.7,25
1,296,0,0,0,0,0,0,1,0,4,2,0,1,0,1,0,0,1,1,62,2,6,8,-1,113,0.13,1,1,0,0,0,0,39,5.1,410,9.6,50
1,296,0,0,0,0,0,0,1,0,4,2,0,1,0,1,0,0,1,1,69,6,4,10,1,87,0.14,0,0,0,0,1,0,51,11.8,537,13.7,0
1,296,0,0,0,0,0,0,1,0,4,2,0,1,0,1,0,0,1,1,51,0,0,0,-12,115,0,0,0,0,0,0,0,25,0,395,10,33.3
1,296,0,0,0,0,0,0,1,0,4,2,0,1,0,1,0,0,1,1,15,0,0,0,-4,36,0,0,0,0,0,0,0,5,0,340,8.9,0
1,296,0,0,0,0,0,0,1,0,4,2,0,1,0,1,0,0,1,1,23,2,2,4,0,88,0.17,0,0,0,0,0,0,21,9.5,384,11,0
1,296,0,0,0,0,0,0,1,0,4,2,0,1,0,1,0,0,1,1,10,2,0,2,-1,30,0.2,0,0,0,0,0,0,9,22.2,431,11.8,0
1,296,0,0,0,0,0,0,1,0,4,2,0,1,0,1,0,0,1,1,6,0,0,0,-3,2,0,0,0,0,0,0,0,3,0,569,14.7,0
19,24027,3,7,5,0,6,4,66,52,403,295,58,37,62,26,5,3,304,206,26,6,5,11,-1,12,0.42,1,1,0,1,2,0,48,12.5,952,20.8,50
19,24027,3,7,5,0,6,4,66,52,403,295,58,37,62,26,5,3,304,206,7,1,0,1,0,0,0.14,0,0,0,0,0,0,10,10,700,18.1,0
19,24027,3,7,5,0,6,4,66,52,403,295,58,37,62,26,5,3,304,206,81,8,17,25,11,30,0.31,0,0,2,4,1,0,140,5.7,849,20.6,40.7
19,24027,3,7,5,0,6,4,66,52,403,295,58,37,62,26,5,3,304,206,10,1,6,7,-1,2,0.7,1,2,0,1,0,0,14,7.1,816,21.2,25
19,24027,3,7,5,0,6,4,66,52,403,295,58,37,62,26,5,3,304,206,48,4,8,12,3,34,0.25,0,0,0,0,0,0,73,5.5,790,18.4,38.1
19,24027,3,7,5,0,6,4,66,52,403,295,58,37,62,26,5,3,304,206,76,6,10,16,0,30,0.21,0,0,1,2,0,0,85,7,698,17.8,6.7
19,24027,3,7,5,0,6,4,66,52,403,295,58,37,62,26,5,3,304,206,6,1,0,1,1,0,0.17,0,0,0,0,0,0,14,7.1,1051,26,100
19,24027,3,7,5,0,6,4,66,52,403,295,58,37,62,26,5,3,304,206,68,9,14,23,13,30,0.34,0,0,1,2,1,0,106,8.5,867,20.1,22.2
19,24027,3,7,5,0,6,4,66,52,403,295,58,37,62,26,5,3,304,206,3,0,0,0,-1,0,0,0,0,0,0,0,0,0,0,302,7.7,0
19,24027,3,7,5,0,6,4,66,52,403,295,58,37,62,26,5,3,304,206,54,6,5,11,-4,34,0.2,0,0,0,0,0,0,58,10.3,642,14.9,33.3
23,29621,1,5,2,0,3,1,80,65,427,329,20,67,98,56,12,5,286,405,2,0,0,0,-1,0,0,0,0,0,0,0,0,2,0,670,17,0
19,24027,3,7,5,0,6,4,66,52,403,295,58,37,62,26,5,3,304,206,13,0,0,0,-4,4,0,0,0,0,0,0,0,8,0,578,13.4,100
23,29621,1,5,2,0,3,1,80,65,427,329,20,67,98,56,12,5,286,405,2,0,0,0,-1,0,0,0,0,0,0,0,0,2,0,670,17,0
19,24027,3,7,5,0,6,4,66,52,403,295,58,37,62,26,5,3,304,206,13,0,0,0,-4,4,0,0,0,0,0,0,0,8,0,578,13.4,100
24,25059,4,9,3,0,8,3,104,87,464,357,70,76,97,41,6,6,326,291,2,1,1,2,2,0,1,0,0,0,0,0,0,8,12.5,705,16,0
18,22166,3,3,0,0,2,0,81,54,370,276,10,58,72,60,5,5,241,255,1,0,0,0,-1,0,0,0,0,0,0,0,0,1,0,908,23,0
24,25059,4,9,3,0,8,3,104,87,464,357,70,76,97,41,6,6,326,291,30,4,2,6,-7,4,0.2,1,1,0,0,0,0,51,7.8,775,16.9,41.6
18,22166,3,3,0,0,2,0,81,54,370,276,10,58,72,60,5,5,241,255,1,0,0,0,-1,0,0,0,0,0,0,0,0,1,0,908,23,0
24,25059,4,9,3,0,8,3,104,87,464,357,70,76,97,41,6,6,326,291,30,4,2,6,-7,4,0.2,1,1,0,0,0,0,51,7.8,775,16.9,41.6
3,3824,0,2,1,0,2,0,12,9,92,69,1,7,14,5,2,1,42,50,4,0,0,0,-1,0,0,0,0,0,0,0,0,2,0,738,20.3,0
3,3824,0,2,1,0,2,0,12,9,92,69,1,7,14,5,2,1,42,50,3,0,0,0,-1,0,0,0,0,0,0,0,0,4,0,1164,25.3,0
3,3824,0,2,1,0,2,0,12,9,92,69,1,7,14,5,2,1,42,50,15,1,0,1,-2,4,0.07,0,0,0,0,0,0,20,5,753,17,0
3,3824,0,2,1,0,2,0,12,9,92,69,1,7,14,5,2,1,42,50,10,1,0,1,-7,0,0.1,0,0,0,0,0,0,8,12.5,940,22.3,0
3,3824,0,2,1,0,2,0,12,9,92,69,1,7,14,5,2,1,42,50,39,1,5,6,-12,26,0.15,0,1,0,0,0,0,46,2.2,867,21.4,0
2,2100,2,0,0,0,0,0,17,10,35,10,3,3,5,2,2,3,18,13,39,8,3,11,-3,14,0.28,0,0,0,0,1,1,99,8.1,712,16.9,0
2,2100,2,0,0,0,0,0,17,10,35,10,3,3,5,2,2,3,18,13,6,1,0,1,-1,4,0.17,0,0,0,0,0,0,7,14.3,680,16.8,0
3,3824,0,2,1,0,2,0,12,9,92,69,1,7,14,5,2,1,42,50,4,0,0,0,-1,8,0,0,0,0,0,0,0,3,0,646,16.8,0
2,2100,2,0,0,0,0,0,17,10,35,10,3,3,5,2,2,3,18,13,44,10,8,18,-3,14,0.41,4,5,0,0,1,0,116,8.6,808,18.6,28.6
2,2100,2,0,0,0,0,0,17,10,35,10,3,3,5,2,2,3,18,13,6,1,0,1,-1,4,0.17,0,0,0,0,0,0,7,14.3,680,16.8,0
3,3824,0,2,1,0,2,0,12,9,92,69,1,7,14,5,2,1,42,50,4,0,0,0,-1,8,0,0,0,0,0,0,0,3,0,646,16.8,0
2,2100,2,0,0,0,0,0,17,10,35,10,3,3,5,2,2,3,18,13,44,10,8,18,-3,14,0.41,4,5,0,0,1,0,116,8.6,808,18.6,28.6
11,9494,1,1,1,0,1,0,21,19,111,87,18,12,21,11,4,2,121,102,7,0,1,1,-5,0,0.14,0,0,0,1,0,0,3,0,830,20.3,47.3
11,9494,1,1,1,0,1,0,21,19,111,87,18,12,21,11,4,2,121,102,21,2,1,3,2,23,0.14,0,0,0,0,0,0,15,13.3,581,16.6,51.1
11,9494,1,1,1,0,1,0,21,19,111,87,18,12,21,11,4,2,121,102,21,2,1,3,2,23,0.14,0,0,0,0,0,0,15,13.3,581,16.6,51.1
4,5313,0,0,0,0,0,0,15,9,86,67,3,5,17,8,0,1,43,81,16,0,2,2,-6,2,0.13,0,0,0,0,0,0,15,0,1157,22.8,0
4,5313,0,0,0,0,0,0,15,9,86,67,3,5,17,8,0,1,43,81,14,0,3,3,3,4,0.21,0,0,0,0,0,0,7,0,889,22.8,0
4,5313,0,0,0,0,0,0,15,9,86,67,3,5,17,8,0,1,43,81,33,3,8,11,5,4,0.33,0,0,0,1,0,0,25,12,788,18.6,0
4,5313,0,0,0,0,0,0,15,9,86,67,3,5,17,8,0,1,43,81,14,0,3,3,3,4,0.21,0,0,0,0,0,0,7,0,889,22.8,0
4,5313,0,0,0,0,0,0,15,9,86,67,3,5,17,8,0,1,43,81,33,3,8,11,5,4,0.33,0,0,0,1,0,0,25,12,788,18.6,0
12,12789,5,1,2,0,1,2,43,37,153,124,38,33,31,29,7,13,190,136,3,0,0,0,-1,0,0,0,0,0,0,0,0,1,0,513,11.7,16.7
12,12789,5,1,2,0,1,2,43,37,153,124,38,33,31,29,7,13,190,136,3,0,0,0,0,12,0,0,0,0,0,0,0,3,0,380,10.3,60
12,12789,5,1,2,0,1,2,43,37,153,124,38,33,31,29,7,13,190,136,10,1,2,3,1,13,0.3,0,0,0,0,0,0,20,5,580,15.6,63
12,12789,5,1,2,0,1,2,43,37,153,124,38,33,31,29,7,13,190,136,2,0,0,0,0,0,0,0,0,0,0,0,0,1,0,410,10,37.5
12,12789,5,1,2,0,1,2,43,37,153,124,38,33,31,29,7,13,190,136,3,0,0,0,-1,0,0,0,0,0,0,0,0,4,0,547,13,84.6
12,12789,5,1,2,0,1,2,43,37,153,124,38,33,31,29,7,13,190,136,39,2,2,4,1,29,0.1,0,0,0,0,0,0,34,5.9,580,14.7,55
12,12789,5,1,2,0,1,2,43,37,153,124,38,33,31,29,7,13,190,136,39,2,2,4,1,29,0.1,0,0,0,0,0,0,34,5.9,580,14.7,55
28,26400,6,8,2,0,5,1,80,73,273,211,40,73,42,31,14,8,417,298,3,0,0,0,-1,0,0,0,0,0,0,0,0,4,0,620,16.3,0
28,26400,6,8,2,0,5,1,80,73,273,211,40,73,42,31,14,8,417,298,2,0,0,0,-2,0,0,0,0,0,0,0,0,5,0,530,12.5,0
28,26400,6,8,2,0,5,1,80,73,273,211,40,73,42,31,14,8,417,298,6,0,1,1,-1,4,0.17,0,0,0,0,0,0,4,0,534,14.5,0
28,26400,6,8,2,0,5,1,80,73,273,211,40,73,42,31,14,8,417,298,29,0,0,0,-3,24,0,0,0,0,0,0,0,28,0,562,12.8,0
30,23818,4,2,5,0,1,3,48,36,271,173,37,60,45,31,17,16,197,263,1,0,0,0,0,0,0,0,0,0,0,0,0,0,0,528,13,0
30,23818,4,2,5,0,1,3,48,36,271,173,37,60,45,31,17,16,197,263,1,0,0,0,0,0,0,0,0,0,0,0,0,0,0,528,13,0
3,3176,0,0,0,0,0,0,8,6,40,34,11,7,8,3,0,1,26,40,1,0,0,0,0,0,0,0,0,0,0,0,0,1,0,223,6,16.7
3,3176,0,0,0,0,0,0,8,6,40,34,11,7,8,3,0,1,26,40,3,0,0,0,0,0,0,0,0,0,0,0,0,1,0,551,14.3,51.5
3,3176,0,0,0,0,0,0,8,6,40,34,11,7,8,3,0,1,26,40,1,0,0,0,0,2,0,0,0,0,0,0,0,1,0,362,9,33.3
3,3176,0,0,0,0,0,0,8,6,40,34,11,7,8,3,0,1,26,40,15,2,0,2,1,2,0.13,0,0,0,0,0,0,14,14.3,495,12.3,45
3,3176,0,0,0,0,0,0,8,6,40,34,11,7,8,3,0,1,26,40,46,3,4,7,-3,22,0.15,0,0,0,0,0,0,36,8.3,594,14.5,50
3,3176,0,0,0,0,0,0,8,6,40,34,11,7,8,3,0,1,26,40,46,3,4,7,-3,22,0.15,0,0,0,0,0,0,36,8.3,594,14.5,50
7,6650,3,0,1,0,0,0,16,13,65,54,9,18,12,14,1,0,74,99,7,1,1,2,2,4,0.29,0,0,0,0,0,0,9,11.1,691,16,0
7,6650,3,0,1,0,0,0,16,13,65,54,9,18,12,14,1,0,74,99,10,0,1,1,-1,2,0.1,0,0,0,0,0,0,6,0,624,14.5,0
7,6650,3,0,1,0,0,0,16,13,65,54,9,18,12,14,1,0,74,99,10,0,1,1,-1,2,0.1,0,0,0,0,0,0,6,0,624,14.5,0
24,25098,0,0,1,0,0,0,76,57,435,314,8,62,63,48,4,3,272,312,3,0,1,1,0,0,0.33,0,0,0,0,0,0,0,0,795,17.3,0
24,25098,0,0,1,0,0,0,76,57,435,314,8,62,63,48,4,3,272,312,3,0,1,1,0,0,0.33,0,0,0,0,0,0,0,0,795,17.3,0
20,15882,2,1,0,0,1,0,93,66,187,141,56,36,47,21,5,6,246,183,55,7,6,13,-7,45,0.24,1,1,0,0,1,0,94,7.4,693,17,40
21,23843,11,8,6,0,4,5,121,100,567,433,105,53,75,25,4,14,414,233,25,13,8,21,1,10,0.84,1,3,1,1,5,1,52,25,1049,24.5,0
23,27548,2,3,3,0,2,2,103,81,482,392,6,63,72,64,13,6,362,328,35,0,11,11,10,35,0.31,0,0,0,0,0,0,50,0,1105,23.2,0
21,23843,11,8,6,0,4,5,121,100,567,433,105,53,75,25,4,14,414,233,40,16,17,33,7,10,0.83,1,3,0,0,0,0,81,19.8,953,20.5,47.1
20,15882,2,1,0,0,1,0,93,66,187,141,56,36,47,21,5,6,246,183,10,0,1,1,1,2,0.1,0,0,0,0,0,0,13,0,608,15.7,100
21,23843,11,8,6,0,4,5,121,100,567,433,105,53,75,25,4,14,414,233,25,13,8,21,1,10,0.84,1,3,1,1,5,1,52,25,1049,24.5,0
23,27548,2,3,3,0,2,2,103,81,482,392,6,63,72,64,13,6,362,328,35,0,11,11,10,35,0.31,0,0,0,0,0,0,50,0,1105,23.2,0
21,23843,11,8,6,0,4,5,121,100,567,433,105,53,75,25,4,14,414,233,40,16,17,33,7,10,0.83,1,3,0,0,0,0,81,19.8,953,20.5,47.1
20,15882,2,1,0,0,1,0,93,66,187,141,56,36,47,21,5,6,246,183,10,0,1,1,1,2,0.1,0,0,0,0,0,0,13,0,608,15.7,100
8,10512,1,1,4,0,1,3,47,34,261,192,8,15,50,14,1,1,124,140,3,0,0,0,-2,0,0,0,0,0,0,0,0,1,0,649,14.7,0
8,10512,1,1,4,0,1,3,47,34,261,192,8,15,50,14,1,1,124,140,48,2,2,4,-6,36,0.08,0,0,0,0,0,0,62,3.2,816,17.8,0
8,10512,1,1,4,0,1,3,47,34,261,192,8,15,50,14,1,1,124,140,55,1,12,13,7,25,0.24,0,1,0,0,0,0,69,1.4,843,18.5,0
8,10512,1,1,4,0,1,3,47,34,261,192,8,15,50,14,1,1,124,140,14,1,4,5,4,10,0.36,1,2,0,0,1,0,24,4.2,1063,25.1,0
8,10512,1,1,4,0,1,3,47,34,261,192,8,15,50,14,1,1,124,140,41,4,9,13,15,28,0.32,1,3,0,0,2,0,76,5.3,1113,23.7,0
8,10512,1,1,4,0,1,3,47,34,261,192,8,15,50,14,1,1,124,140,4,0,0,0,-2,2,0,0,0,0,0,0,0,8,0,1035,24.5,0
8,10512,1,1,4,0,1,3,47,34,261,192,8,15,50,14,1,1,124,140,66,2,17,19,-4,24,0.29,0,7,0,0,0,0,93,2.2,1033,23.5,0
8,10512,1,1,4,0,1,3,47,34,261,192,8,15,50,14,1,1,124,140,1,0,0,0,-1,0,0,0,0,0,0,0,0,3,0,997,26,0
8,10512,1,1,4,0,1,3,47,34,261,192,8,15,50,14,1,1,124,140,35,5,8,13,2,22,0.37,2,7,0,0,0,0,54,9.3,954,23.2,0
8,10512,1,1,4,0,1,3,47,34,261,192,8,15,50,14,1,1,124,140,1,0,0,0,-1,0,0,0,0,0,0,0,0,0,0,750,19,0
8,10512,1,1,4,0,1,3,47,34,261,192,8,15,50,14,1,1,124,140,44,2,6,8,13,18,0.18,0,1,0,0,1,1,63,3.2,923,21.3,0
8,10512,1,1,4,0,1,3,47,34,261,192,8,15,50,14,1,1,124,140,39,0,4,4,-11,28,0.1,0,0,0,0,0,0,41,0,881,19.2,0
22,20384,10,2,5,0,1,5,85,65,480,316,47,20,36,15,4,3,258,147,21,3,3,6,2,2,0.29,3,4,0,0,2,0,32,9.4,666,13.9,0
8,10512,1,1,4,0,1,3,47,34,261,192,8,15,50,14,1,1,124,140,39,0,4,4,-11,28,0.1,0,0,0,0,0,0,41,0,881,19.2,0
22,20384,10,2,5,0,1,5,85,65,480,316,47,20,36,15,4,3,258,147,21,3,3,6,2,2,0.29,3,4,0,0,2,0,32,9.4,666,13.9,0
1,182,0,0,0,0,0,0,0,0,4,3,0,0,1,0,0,0,3,2,1,0,0,0,-1,0,0,0,0,0,0,0,0,1,0,321,8,0
8,8274,2,1,0,0,1,0,48,39,142,108,28,19,19,17,2,2,106,83,69,9,9,18,-6,32,0.26,1,3,0,0,1,0,106,8.5,751,18.1,34.7
8,8274,2,1,0,0,1,0,48,39,142,108,28,19,19,17,2,2,106,83,29,1,6,7,-1,4,0.24,0,1,0,0,0,0,44,2.3,698,16,39
8,8274,2,1,0,0,1,0,48,39,142,108,28,19,19,17,2,2,106,83,29,1,6,7,-1,4,0.24,0,1,0,0,0,0,44,2.3,698,16,39
19,19697,2,8,5,0,6,4,88,69,426,342,49,31,52,21,4,4,295,258,1,1,0,1,2,0,1,0,0,0,0,0,0,2,50,743,18,0
19,19697,2,8,5,0,6,4,88,69,426,342,49,31,52,21,4,4,295,258,7,2,1,3,-2,4,0.43,1,1,0,0,0,0,11,18.2,779,17.6,0
19,19697,2,8,5,0,6,4,88,69,426,342,49,31,52,21,4,4,295,258,1,0,1,1,1,0,1,0,0,0,0,0,0,2,0,802,20,0
19,19697,2,8,5,0,6,4,88,69,426,342,49,31,52,21,4,4,295,258,13,0,0,0,-1,8,0,0,0,0,0,0,0,9,0,483,11.3,50
5,4887,1,2,0,0,2,0,11,5,65,28,5,6,7,5,0,1,36,30,2,0,0,0,-1,0,0,0,0,0,0,0,0,1,0,550,14,0
5,4887,1,2,0,0,2,0,11,5,65,28,5,6,7,5,0,1,36,30,36,5,4,9,1,6,0.25,0,0,0,0,2,0,36,13.9,629,14.1,20
5,4887,1,2,0,0,2,0,11,5,65,28,5,6,7,5,0,1,36,30,12,0,1,1,-2,14,0.08,0,0,0,0,0,0,13,0,662,16.4,0
5,4887,1,2,0,0,2,0,11,5,65,28,5,6,7,5,0,1,36,30,6,1,1,2,-1,2,0.33,0,0,0,0,0,0,9,11.1,734,17.8,100
5,4887,1,2,0,0,2,0,11,5,65,28,5,6,7,5,0,1,36,30,58,4,4,8,-4,6,0.14,0,1,0,0,0,0,72,5.6,746,17.5,12.5
5,4887,1,2,0,0,2,0,11,5,65,28,5,6,7,5,0,1,36,30,58,4,4,8,-4,6,0.14,0,1,0,0,0,0,72,5.6,746,17.5,12.5
24,19738,6,5,2,0,3,2,87,64,277,200,41,42,36,21,5,11,253,175,9,2,1,3,2,9,0.33,0,1,0,0,0,0,13,15.4,725,18.8,0
24,19738,6,5,2,0,3,2,87,64,277,200,41,42,36,21,5,11,253,175,3,0,0,0,-1,0,0,0,0,0,0,0,0,2,0,531,13,0
24,19738,6,5,2,0,3,2,87,64,277,200,41,42,36,21,5,11,253,175,3,1,1,2,1,0,0.67,0,0,0,0,0,0,7,14.3,781,17.7,0
24,19738,6,5,2,0,3,2,87,64,277,200,41,42,36,21,5,11,253,175,2,0,0,0,-1,2,0,0,0,0,0,0,0,3,0,385,10,0
24,19738,6,5,2,0,3,2,87,64,277,200,41,42,36,21,5,11,253,175,24,5,6,11,5,32,0.46,0,0,0,0,0,0,46,10.9,549,14.5,66.7
24,19738,6,5,2,0,3,2,87,64,277,200,41,42,36,21,5,11,253,175,43,2,4,6,1,28,0.14,0,0,0,0,0,0,73,2.7,611,14.7,40
25,32808,1,2,4,0,2,4,55,47,699,572,8,81,116,82,4,5,328,407,10,0,6,6,0,0,0.6,0,0,0,0,0,0,10,0,959,21.6,0
20,22034,7,4,1,0,3,1,74,53,330,231,71,40,58,31,3,4,272,176,6,0,1,1,1,0,0.17,0,0,0,0,0,0,1,0,548,11.8,100
25,32808,1,2,4,0,2,4,55,47,699,572,8,81,116,82,4,5,328,407,7,0,0,0,-3,4,0,0,0,0,0,0,0,5,0,609,15,0
20,22034,7,4,1,0,3,1,74,53,330,231,71,40,58,31,3,4,272,176,18,0,3,3,2,4,0.17,0,0,0,0,0,0,12,0,655,15.6,66.7
25,32808,1,2,4,0,2,4,55,47,699,572,8,81,116,82,4,5,328,407,7,0,0,0,-3,4,0,0,0,0,0,0,0,5,0,609,15,0
20,22034,7,4,1,0,3,1,74,53,330,231,71,40,58,31,3,4,272,176,18,0,3,3,2,4,0.17,0,0,0,0,0,0,12,0,655,15.6,66.7
15,13845,0,3,0,0,1,0,41,30,190,141,6,20,29,27,4,3,148,171,3,0,1,1,-2,2,0.33,0,0,0,0,0,0,3,0,599,16.3,0
26,26686,6,8,7,0,8,5,129,89,531,359,62,59,52,22,11,9,338,207,12,1,3,4,1,2,0.33,1,2,0,0,0,0,21,4.8,821,18.7,0
26,26686,6,8,7,0,8,5,129,89,531,359,62,59,52,22,11,9,338,207,12,1,3,4,1,2,0.33,1,2,0,0,0,0,21,4.8,821,18.7,0
19,17082,0,1,1,0,1,1,25,16,217,179,7,40,36,36,13,5,160,308,1,0,0,0,-1,2,0,0,0,0,0,0,0,0,0,935,25,0
28,28186,5,5,10,0,5,8,58,51,395,292,51,48,39,28,7,10,385,315,26,3,0,3,-6,19,0.12,0,0,0,0,1,0,25,12,518,13.1,33.3
28,28186,5,5,10,0,5,8,58,51,395,292,51,48,39,28,7,10,385,315,9,1,0,1,-2,2,0.11,0,0,0,0,0,0,8,12.5,808,18.9,0
27,29328,13,6,11,0,3,9,102,74,657,451,88,38,74,21,8,11,406,246,14,0,0,0,1,2,0,0,0,0,0,0,0,4,0,561,12.7,48.5
27,29328,13,6,11,0,3,9,102,74,657,451,88,38,74,21,8,11,406,246,23,8,4,12,5,10,0.52,1,1,0,0,1,0,49,16.3,858,19.7,50
27,29328,13,6,11,0,3,9,102,74,657,451,88,38,74,21,8,11,406,246,23,8,4,12,5,10,0.52,1,1,0,0,1,0,49,16.3,858,19.7,50
20,19758,6,8,5,0,5,4,72,63,363,258,65,32,55,8,10,11,270,167,41,5,12,17,-14,34,0.41,4,6,0,0,1,0,43,11.6,936,19.3,33.3
20,19758,6,8,5,0,5,4,72,63,363,258,65,32,55,8,10,11,270,167,27,3,6,9,-10,26,0.33,1,5,0,0,2,1,24,12.5,801,18.1,45
14,11906,1,2,1,0,2,0,32,25,94,65,14,25,9,9,8,5,139,113,13,0,0,0,-2,21,0,0,0,0,0,0,0,5,0,405,11.3,100
20,19758,6,8,5,0,5,4,72,63,363,258,65,32,55,8,10,11,270,167,27,3,6,9,-10,26,0.33,1,5,0,0,2,1,24,12.5,801,18.1,45
14,11906,1,2,1,0,2,0,32,25,94,65,14,25,9,9,8,5,139,113,13,0,0,0,-2,21,0,0,0,0,0,0,0,5,0,405,11.3,100
3,2717,0,0,0,0,0,0,17,16,39,32,7,4,5,1,2,0,52,26,7,1,1,2,0,0,0.29,0,0,0,0,0,0,4,25,591,14.7,0
3,2717,0,0,0,0,0,0,17,16,39,32,7,4,5,1,2,0,52,26,9,1,0,1,-1,4,0.11,0,0,0,0,0,0,10,10,459,10.3,0
28,23803,7,5,2,0,4,1,81,75,185,141,68,57,36,19,2,11,318,309,1,0,0,0,0,0,0,0,0,0,0,0,0,0,0,302,8,0
3,2717,0,0,0,0,0,0,17,16,39,32,7,4,5,1,2,0,52,26,12,5,0,5,2,6,0.42,1,1,0,0,1,0,20,25,739,17,50
28,23803,7,5,2,0,4,1,81,75,185,141,68,57,36,19,2,11,318,309,4,0,0,0,-1,2,0,0,0,0,0,0,0,4,0,471,12.3,0
28,23803,7,5,2,0,4,1,81,75,185,141,68,57,36,19,2,11,318,309,10,3,0,3,3,4,0.3,0,0,1,1,0,0,11,27.3,651,16.3,0
3,2717,0,0,0,0,0,0,17,16,39,32,7,4,5,1,2,0,52,26,13,2,8,10,2,4,0.77,1,3,0,0,0,0,27,7.4,754,18.9,50
28,23803,7,5,2,0,4,1,81,75,185,141,68,57,36,19,2,11,318,309,4,0,0,0,-1,2,0,0,0,0,0,0,0,4,0,471,12.3,0
28,23803,7,5,2,0,4,1,81,75,185,141,68,57,36,19,2,11,318,309,10,3,0,3,3,4,0.3,0,0,1,1,0,0,11,27.3,651,16.3,0
3,2717,0,0,0,0,0,0,17,16,39,32,7,4,5,1,2,0,52,26,13,2,8,10,2,4,0.77,1,3,0,0,0,0,27,7.4,754,18.9,50
22,26767,2,1,2,0,1,0,69,58,565,472,7,70,114,73,3,6,300,348,10,1,1,2,3,0,0.2,0,0,0,0,1,0,4,25,933,18,0
22,26767,2,1,2,0,1,0,69,58,565,472,7,70,114,73,3,6,300,348,1,0,0,0,0,0,0,0,0,0,0,0,0,0,0,573,11,0
6,6678,0,0,0,0,0,0,12,7,76,61,2,18,13,23,2,3,57,123,3,0,0,0,-2,0,0,0,0,0,0,0,0,1,0,452,13,0
6,6678,0,0,0,0,0,0,12,7,76,61,2,18,13,23,2,3,57,123,22,0,3,3,-4,6,0.14,0,0,0,0,0,0,7,0,849,21.2,0
6,6678,0,0,0,0,0,0,12,7,76,61,2,18,13,23,2,3,57,123,47,1,8,9,-13,54,0.19,1,1,0,0,0,0,46,2.2,1169,26.7,0
6,6678,0,0,0,0,0,0,12,7,76,61,2,18,13,23,2,3,57,123,4,0,0,0,-3,2,0,0,0,0,0,0,0,0,0,693,17,0
6,6678,0,0,0,0,0,0,12,7,76,61,2,18,13,23,2,3,57,123,36,0,3,3,-9,40,0.08,0,0,0,0,0,0,27,0,792,19.8,0
24,25633,1,6,6,0,5,4,66,50,396,305,64,50,53,39,7,9,336,296,9,1,1,2,0,2,0.22,0,0,0,0,0,0,13,7.7,666,18.2,0
6,6678,0,0,0,0,0,0,12,7,76,61,2,18,13,23,2,3,57,123,21,0,2,2,-5,20,0.1,0,0,0,0,0,0,10,0,715,17.6,0
24,25633,1,6,6,0,5,4,66,50,396,305,64,50,53,39,7,9,336,296,66,13,8,21,6,26,0.32,1,2,0,0,1,0,79,16.5,735,17.4,100
24,25633,1,6,6,0,5,4,66,50,396,305,64,50,53,39,7,9,336,296,6,1,1,2,0,2,0.33,0,0,0,0,1,0,4,25,645,16.5,0
6,6678,0,0,0,0,0,0,12,7,76,61,2,18,13,23,2,3,57,123,18,1,1,2,-9,14,0.11,0,0,0,0,0,0,18,5.6,649,16.5,0
24,25633,1,6,6,0,5,4,66,50,396,305,64,50,53,39,7,9,336,296,71,9,22,31,13,12,0.44,0,2,0,0,2,0,104,8.6,717,16.8,50
24,25633,1,6,6,0,5,4,66,50,396,305,64,50,53,39,7,9,336,296,4,0,0,0,-1,0,0,0,0,0,0,0,0,4,0,800,23.3,0
24,25652,13,4,2,0,2,2,91,85,250,192,68,63,67,34,7,11,334,326,8,0,0,0,-2,2,0,0,0,0,0,0,0,22,0,696,14.4,0
6,6678,0,0,0,0,0,0,12,7,76,61,2,18,13,23,2,3,57,123,24,0,4,4,2,17,0.17,0,0,0,0,0,0,16,0,853,19.9,0
24,25633,1,6,6,0,5,4,66,50,396,305,64,50,53,39,7,9,336,296,60,5,11,16,3,20,0.27,0,0,0,1,1,0,54,9.3,711,17.1,25
24,25652,13,4,2,0,2,2,91,85,250,192,68,63,67,34,7,11,334,326,32,2,2,4,0,4,0.13,0,0,0,0,1,0,36,5.6,637,14.6,0
6,6678,0,0,0,0,0,0,12,7,76,61,2,18,13,23,2,3,57,123,52,0,8,8,-3,29,0.15,0,0,0,0,0,0,33,0,821,20.8,0
24,25652,13,4,2,0,2,2,91,85,250,192,68,63,67,34,7,11,334,326,32,2,2,4,0,4,0.13,0,0,0,0,1,0,36,5.6,637,14.6,0
6,6678,0,0,0,0,0,0,12,7,76,61,2,18,13,23,2,3,57,123,52,0,8,8,-3,29,0.15,0,0,0,0,0,0,33,0,821,20.8,0
24,26490,0,2,2,0,2,2,77,50,563,396,17,43,104,57,6,9,272,276,2,0,0,0,1,2,0,0,0,0,0,0,0,1,0,390,10,0
24,26490,0,2,2,0,2,2,77,50,563,396,17,43,104,57,6,9,272,276,10,0,0,0,-1,6,0,0,0,0,0,0,0,9,0,883,21,0
24,26490,0,2,2,0,2,2,77,50,563,396,17,43,104,57,6,9,272,276,11,0,3,3,-5,13,0.27,0,3,0,0,0,0,11,0,1015,22.3,0
24,26490,0,2,2,0,2,2,77,50,563,396,17,43,104,57,6,9,272,276,11,0,3,3,-5,13,0.27,0,3,0,0,0,0,11,0,1015,22.3,0
18,20852,7,3,6,0,1,5,85,62,425,309,67,36,65,21,1,8,257,177,9,0,0,0,-3,2,0,0,0,0,0,0,0,14,0,886,19.3,0
18,20852,7,3,6,0,1,5,85,62,425,309,67,36,65,21,1,8,257,177,6,2,0,2,-2,0,0.33,0,0,0,0,1,1,8,25,647,17.7,100
18,20852,7,3,6,0,1,5,85,62,425,309,67,36,65,21,1,8,257,177,8,1,0,1,-2,0,0.13,0,0,0,0,0,0,11,9.1,641,17.1,0
18,20852,7,3,6,0,1,5,85,62,425,309,67,36,65,21,1,8,257,177,6,2,0,2,-2,0,0.33,0,0,0,0,1,1,8,25,647,17.7,100
18,20852,7,3,6,0,1,5,85,62,425,309,67,36,65,21,1,8,257,177,8,1,0,1,-2,0,0.13,0,0,0,0,0,0,11,9.1,641,17.1,0
24,21419,3,10,3,0,6,3,100,70,297,211,32,37,29,23,6,7,305,160,5,0,3,3,3,2,0.6,0,0,0,0,0,0,4,0,641,16.2,0
24,21419,3,10,3,0,6,3,100,70,297,211,32,37,29,23,6,7,305,160,32,2,7,9,5,15,0.28,0,0,0,0,0,0,32,6.3,570,14,33.3
25,27362,5,5,4,0,4,4,72,59,455,372,87,54,88,36,8,8,384,349,34,5,5,10,-2,4,0.29,1,2,0,0,2,0,39,12.8,817,17.1,29.5
25,27362,5,5,4,0,4,4,72,59,455,372,87,54,88,36,8,8,384,349,4,0,0,0,-2,0,0,0,0,0,0,0,0,2,0,638,14.8,100
25,27362,5,5,4,0,4,4,72,59,455,372,87,54,88,36,8,8,384,349,20,2,1,3,-3,0,0.15,0,0,1,1,0,0,21,9.5,722,16.6,42.9
25,27362,5,5,4,0,4,4,72,59,455,372,87,54,88,36,8,8,384,349,74,14,11,25,-11,27,0.34,1,2,0,0,3,1,102,13.7,829,18.2,32.8
25,27362,5,5,4,0,4,4,72,59,455,372,87,54,88,36,8,8,384,349,35,4,3,7,-2,17,0.2,0,0,0,0,0,0,32,12.5,550,12.6,30.4
25,27362,5,5,4,0,4,4,72,59,455,372,87,54,88,36,8,8,384,349,31,4,5,9,-1,10,0.29,0,0,1,2,0,0,37,10.8,913,18.6,40.2
25,27362,5,5,4,0,4,4,72,59,455,372,87,54,88,36,8,8,384,349,12,0,1,1,-5,2,0.08,0,0,0,0,0,0,3,0,697,15.2,34
25,27362,5,5,4,0,4,4,72,59,455,372,87,54,88,36,8,8,384,349,41,0,3,3,-2,0,0.07,0,0,0,0,0,0,34,0,679,16.2,50.6
25,27362,5,5,4,0,4,4,72,59,455,372,87,54,88,36,8,8,384,349,2,0,0,0,-1,0,0,0,0,0,0,0,0,0,0,675,18.5,36.8
29,24354,6,2,0,0,0,0,57,48,240,167,60,56,60,33,5,19,239,287,4,0,0,0,-3,4,0,0,0,0,0,0,0,2,0,611,14,37
25,27362,5,5,4,0,4,4,72,59,455,372,87,54,88,36,8,8,384,349,2,0,0,0,-1,0,0,0,0,0,0,0,0,0,0,675,18.5,36.8
29,24354,6,2,0,0,0,0,57,48,240,167,60,56,60,33,5,19,239,287,4,0,0,0,-3,4,0,0,0,0,0,0,0,2,0,611,14,37
12,12561,5,2,1,0,1,1,53,36,151,88,19,39,22,14,3,1,137,104,9,0,0,0,-1,2,0,0,0,0,0,0,0,15,0,755,17.6,0
12,12561,5,2,1,0,1,1,53,36,151,88,19,39,22,14,3,1,137,104,24,2,1,3,-3,4,0.13,0,0,0,0,0,0,21,9.5,576,13.5,66.7
12,12561,5,2,1,0,1,1,53,36,151,88,19,39,22,14,3,1,137,104,24,2,1,3,-3,4,0.13,0,0,0,0,0,0,21,9.5,576,13.5,66.7
7,7222,2,0,1,0,0,1,28,20,105,79,13,15,10,9,1,2,83,94,3,0,0,0,-2,0,0,0,0,0,0,0,0,9,0,697,19.7,25
7,7222,2,0,1,0,0,1,28,20,105,79,13,15,10,9,1,2,83,94,53,5,2,7,-7,13,0.13,1,1,0,0,1,0,72,6.9,734,16.7,43.2
7,7222,2,0,1,0,0,1,28,20,105,79,13,15,10,9,1,2,83,94,9,0,0,0,0,4,0,0,0,0,0,0,0,7,0,571,17.3,100
7,7222,2,0,1,0,0,1,28,20,105,79,13,15,10,9,1,2,83,94,55,3,7,10,3,10,0.18,0,0,1,2,1,0,59,5.1,582,15.4,37.9
7,7222,2,0,1,0,0,1,28,20,105,79,13,15,10,9,1,2,83,94,9,0,0,0,0,4,0,0,0,0,0,0,0,7,0,571,17.3,100
7,7222,2,0,1,0,0,1,28,20,105,79,13,15,10,9,1,2,83,94,55,3,7,10,3,10,0.18,0,0,1,2,1,0,59,5.1,582,15.4,37.9
10,4968,0,1,0,0,1,0,17,13,57,43,9,16,7,5,4,3,64,64,67,2,2,4,-8,127,0.06,0,0,0,0,0,0,30,6.7,348,9,100
10,4968,0,1,0,0,1,0,17,13,57,43,9,16,7,5,4,3,64,64,40,2,1,3,-4,43,0.08,0,0,0,0,0,0,26,7.7,443,10.7,0
14,17397,0,3,2,0,1,2,44,39,321,283,19,44,59,22,13,11,217,174,16,0,0,0,0,15,0,0,0,0,0,0,0,10,0,911,21.1,0
14,17397,0,3,2,0,1,2,44,39,321,283,19,44,59,22,13,11,217,174,2,0,0,0,1,0,0,0,0,0,0,0,0,0,0,195,6,0
10,4968,0,1,0,0,1,0,17,13,57,43,9,16,7,5,4,3,64,64,29,1,0,1,-6,24,0.03,0,0,0,0,0,0,18,5.6,371,9.8,0
14,17397,0,3,2,0,1,2,44,39,321,283,19,44,59,22,13,11,217,174,4,0,0,0,0,4,0,0,0,0,0,0,0,1,0,427,10,0
10,4968,0,1,0,0,1,0,17,13,57,43,9,16,7,5,4,3,64,64,11,0,0,0,-2,12,0,0,0,0,0,0,0,3,0,427,10.3,0
14,17397,0,3,2,0,1,2,44,39,321,283,19,44,59,22,13,11,217,174,34,0,4,4,-1,39,0.12,0,0,0,0,0,0,24,0,592,14.1,0
10,4968,0,1,0,0,1,0,17,13,57,43,9,16,7,5,4,3,64,64,11,0,0,0,-2,12,0,0,0,0,0,0,0,3,0,427,10.3,0
14,17397,0,3,2,0,1,2,44,39,321,283,19,44,59,22,13,11,217,174,34,0,4,4,-1,39,0.12,0,0,0,0,0,0,24,0,592,14.1,0
21,26844,5,2,4,0,1,3,90,73,703,512,35,82,105,54,9,6,322,236,3,0,0,0,0,4,0,0,0,0,0,0,0,3,0,1046,20.7,0
21,26844,5,2,4,0,1,3,90,73,703,512,35,82,105,54,9,6,322,236,3,0,0,0,0,4,0,0,0,0,0,0,0,3,0,1046,20.7,0
17,19113,5,4,3,0,3,2,49,38,393,279,54,38,57,20,3,2,255,185,5,0,1,1,3,0,0.2,0,0,0,0,0,0,3,0,643,16.6,60
17,19113,5,4,3,0,3,2,49,38,393,279,54,38,57,20,3,2,255,185,16,0,2,2,-3,2,0.13,0,1,0,0,0,0,15,0,625,15.1,40
17,19113,5,4,3,0,3,2,49,38,393,279,54,38,57,20,3,2,255,185,16,0,2,2,-3,2,0.13,0,1,0,0,0,0,15,0,625,15.1,40
12,18990,3,5,5,0,4,5,58,42,444,290,12,50,77,54,6,1,208,218,2,0,0,0,-2,0,0,0,0,0,0,0,0,1,0,929,23,0
12,18990,3,5,5,0,4,5,58,42,444,290,12,50,77,54,6,1,208,218,2,0,0,0,-2,6,0,0,0,0,0,0,0,1,0,544,14.5,0
12,18990,3,5,5,0,4,5,58,42,444,290,12,50,77,54,6,1,208,218,49,5,5,10,10,28,0.2,1,1,0,0,0,0,54,9.3,874,19.1,0
12,18990,3,5,5,0,4,5,58,42,444,290,12,50,77,54,6,1,208,218,1,0,0,0,-1,0,0,0,0,0,0,0,0,1,0,524,13,0
6,6519,0,2,0,0,1,0,14,11,99,80,0,21,19,20,1,1,83,92,1,0,0,0,-1,0,0,0,0,0,0,0,0,0,0,565,13,0
12,18990,3,5,5,0,4,5,58,42,444,290,12,50,77,54,6,1,208,218,52,1,6,7,-4,16,0.13,0,0,0,0,0,0,53,1.9,1006,21.2,0
12,18990,3,5,5,0,4,5,58,42,444,290,12,50,77,54,6,1,208,218,30,2,8,10,0,6,0.33,0,0,0,0,0,0,32,6.3,899,19.3,0
12,18990,3,5,5,0,4,5,58,42,444,290,12,50,77,54,6,1,208,218,60,2,11,13,-5,14,0.22,1,4,0,0,0,0,80,2.5,1095,22.2,0
12,18990,3,5,5,0,4,5,58,42,444,290,12,50,77,54,6,1,208,218,60,2,11,13,-5,14,0.22,1,4,0,0,0,0,80,2.5,1095,22.2,0
22,26406,1,3,3,0,2,2,94,70,463,349,35,60,100,49,6,2,323,327,6,0,0,0,-1,4,0,0,0,0,0,0,0,2,0,550,12.2,0
26,37261,10,8,7,0,4,4,177,134,882,629,38,82,173,77,3,3,501,368,17,3,2,5,-2,2,0.29,1,1,0,0,0,0,38,7.9,1240,23.2,0
22,26406,1,3,3,0,2,2,94,70,463,349,35,60,100,49,6,2,323,327,3,0,0,0,-2,0,0,0,0,0,0,0,0,0,0,367,10,0
26,37261,10,8,7,0,4,4,177,134,882,629,38,82,173,77,3,3,501,368,30,1,6,7,6,4,0.23,0,1,0,0,0,0,33,3,992,21.1,0
22,26406,1,3,3,0,2,2,94,70,463,349,35,60,100,49,6,2,323,327,7,1,1,2,-1,4,0.29,0,0,0,0,0,0,12,8.3,1186,28.4,0
22,26406,1,3,3,0,2,2,94,70,463,349,35,60,100,49,6,2,323,327,11,0,2,2,0,6,0.18,0,0,0,0,0,0,9,0,809,17.7,0
26,37261,10,8,7,0,4,4,177,134,882,629,38,82,173,77,3,3,501,368,2,0,0,0,-1,0,0,0,0,0,0,0,0,0,0,998,21,0
22,26406,1,3,3,0,2,2,94,70,463,349,35,60,100,49,6,2,323,327,8,0,1,1,2,10,0.13,0,0,0,0,0,0,12,0,1221,28.9,0
22,26406,1,3,3,0,2,2,94,70,463,349,35,60,100,49,6,2,323,327,64,0,18,18,22,30,0.28,0,0,0,0,0,0,91,0,1172,26.1,0
25,18375,7,4,2,0,1,2,54,47,195,160,43,54,47,40,5,6,218,244,2,1,0,1,-1,2,0.5,0,0,0,0,0,0,1,100,578,15,47.6
26,37261,10,8,7,0,4,4,177,134,882,629,38,82,173,77,3,3,501,368,7,0,0,0,0,0,0,0,0,0,0,0,0,6,0,803,18.7,0
22,26406,1,3,3,0,2,2,94,70,463,349,35,60,100,49,6,2,323,327,47,0,4,4,-6,37,0.09,0,0,0,0,0,0,67,0,1016,22.3,0
26,37261,10,8,7,0,4,4,177,134,882,629,38,82,173,77,3,3,501,368,3,0,0,0,1,0,0,0,0,0,0,0,0,1,0,217,4.7,0
22,26406,1,3,3,0,2,2,94,70,463,349,35,60,100,49,6,2,323,327,80,6,12,18,-19,50,0.23,0,0,0,0,0,0,85,7,1117,25.4,0
26,37261,10,8,7,0,4,4,177,134,882,629,38,82,173,77,3,3,501,368,3,0,0,0,0,0,0,0,0,0,0,0,0,2,0,835,20.3,0
22,26406,1,3,3,0,2,2,94,70,463,349,35,60,100,49,6,2,323,327,4,0,0,0,-5,0,0,0,0,0,0,0,0,6,0,764,18,0
22,26406,1,3,3,0,2,2,94,70,463,349,35,60,100,49,6,2,323,327,24,1,1,2,-4,26,0.08,0,0,0,0,0,0,16,6.3,923,21.8,0
28,31684,1,6,6,0,5,4,108,88,654,523,36,51,126,44,5,2,479,373,2,0,0,0,0,2,0,0,0,0,0,0,0,4,0,749,22,0
22,26406,1,3,3,0,2,2,94,70,463,349,35,60,100,49,6,2,323,327,4,0,0,0,-5,0,0,0,0,0,0,0,0,6,0,764,18,0
22,26406,1,3,3,0,2,2,94,70,463,349,35,60,100,49,6,2,323,327,24,1,1,2,-4,26,0.08,0,0,0,0,0,0,16,6.3,923,21.8,0
28,31684,1,6,6,0,5,4,108,88,654,523,36,51,126,44,5,2,479,373,2,0,0,0,0,2,0,0,0,0,0,0,0,4,0,749,22,0
24,26315,2,5,5,0,3,3,68,49,433,306,75,51,88,24,2,8,293,252,10,1,1,2,-3,2,0.2,0,0,0,0,0,0,9,11.1,686,15.9,44.4
24,26315,2,5,5,0,3,3,68,49,433,306,75,51,88,24,2,8,293,252,10,1,1,2,-3,2,0.2,0,0,0,0,0,0,9,11.1,686,15.9,44.4
27,30204,5,2,5,0,1,4,59,47,397,306,52,76,48,41,3,6,292,413,1,0,0,0,0,0,0,0,0,0,0,0,0,0,0,527,12,0
27,30204,5,2,5,0,1,4,59,47,397,306,52,76,48,41,3,6,292,413,5,0,0,0,-1,2,0,0,0,0,0,0,0,1,0,530,13.8,0
23,25914,6,2,5,0,1,2,92,61,361,272,71,62,56,34,5,6,291,365,20,2,2,4,-4,37,0.2,0,0,0,0,0,0,37,5.4,627,14.8,51.3
23,25914,6,2,5,0,1,2,92,61,361,272,71,62,56,34,5,6,291,365,7,0,0,0,-3,0,0,0,0,0,0,0,0,7,0,405,10.3,62.5
23,25914,6,2,5,0,1,2,92,61,361,272,71,62,56,34,5,6,291,365,7,0,0,0,-3,0,0,0,0,0,0,0,0,7,0,405,10.3,62.5
25,33955,1,2,2,0,2,2,132,101,777,589,22,90,145,103,9,2,418,450,1,0,0,0,-3,0,0,0,0,0,0,0,0,0,0,1342,34,0
25,33955,1,2,2,0,2,2,132,101,777,589,22,90,145,103,9,2,418,450,35,0,8,8,-7,27,0.23,0,5,0,0,0,0,49,0,1324,28.7,0
8,10330,3,1,2,0,0,2,27,28,209,169,34,17,39,15,4,2,137,136,6,0,0,0,-3,4,0,0,0,0,0,0,0,6,0,621,13.7,36
19,19042,4,2,4,0,1,2,53,36,292,219,49,27,49,20,5,2,237,194,14,0,1,1,-3,0,0.07,0,0,0,0,0,0,16,0,615,15.1,61.5
25,33955,1,2,2,0,2,2,132,101,777,589,22,90,145,103,9,2,418,450,3,0,2,2,2,0,0.67,0,0,0,0,0,0,1,0,1015,21.3,0
19,19042,4,2,4,0,1,2,53,36,292,219,49,27,49,20,5,2,237,194,60,7,7,14,-6,18,0.23,1,3,0,0,1,0,78,9,619,14.6,45.9
6,6603,1,2,4,0,2,3,22,10,104,46,5,8,6,4,2,7,57,47,17,0,1,1,0,2,0.06,0,0,0,0,0,0,6,0,533,13.4,42.9
25,33955,1,2,2,0,2,2,132,101,777,589,22,90,145,103,9,2,418,450,28,4,7,11,10,8,0.39,0,0,0,0,1,0,49,8.2,925,20,0
19,19042,4,2,4,0,1,2,53,36,292,219,49,27,49,20,5,2,237,194,29,3,2,5,3,4,0.17,0,0,0,0,1,0,27,11.1,473,11.6,80
6,6603,1,2,4,0,2,3,22,10,104,46,5,8,6,4,2,7,57,47,33,1,4,5,-8,21,0.15,0,0,0,0,0,0,23,4.3,611,15.2,48.6
25,33955,1,2,2,0,2,2,132,101,777,589,22,90,145,103,9,2,418,450,7,0,1,1,1,0,0.14,0,0,0,0,0,0,7,0,923,22,0
20,24968,0,3,1,0,2,1,101,82,407,308,9,39,65,40,4,6,290,353,1,0,1,1,0,0,1,0,0,0,0,0,0,2,0,765,19,0
8,10330,3,1,2,0,0,2,27,28,209,169,34,17,39,15,4,2,137,136,3,0,1,1,0,10,0.33,0,0,0,0,0,0,2,0,425,11.3,45
6,6603,1,2,4,0,2,3,22,10,104,46,5,8,6,4,2,7,57,47,8,1,1,2,3,5,0.25,0,0,0,0,0,0,10,10,539,13,65.3
25,33955,1,2,2,0,2,2,132,101,777,589,22,90,145,103,9,2,418,450,15,0,1,1,6,4,0.07,0,0,0,0,0,0,9,0,890,19.6,0
17,18765,5,6,0,0,5,0,46,33,194,131,31,30,21,27,10,6,231,201,20,1,1,2,-10,37,0.1,0,0,0,0,0,0,41,2.4,700,17.7,50.3
20,24968,0,3,1,0,2,1,101,82,407,308,9,39,65,40,4,6,290,353,1,0,0,0,0,4,0,0,0,0,0,0,0,2,0,452,12,0
8,10330,3,1,2,0,0,2,27,28,209,169,34,17,39,15,4,2,137,136,1,0,0,0,0,0,0,0,0,0,0,0,0,0,0,501,13,50
17,18765,5,6,0,0,5,0,46,33,194,131,31,30,21,27,10,6,231,201,1,0,0,0,-1,0,0,0,0,0,0,0,0,0,0,414,13,0
19,19042,4,2,4,0,1,2,53,36,292,219,49,27,49,20,5,2,237,194,19,2,1,3,-3,2,0.16,0,0,0,0,0,0,25,8,608,15.1,33.3
6,6603,1,2,4,0,2,3,22,10,104,46,5,8,6,4,2,7,57,47,68,4,5,9,-12,29,0.13,0,0,0,0,0,0,64,6.3,661,16.4,52.7
17,18765,5,6,0,0,5,0,46,33,194,131,31,30,21,27,10,6,231,201,31,1,4,5,-4,41,0.16,0,0,0,0,0,0,31,3.2,593,14.6,43.4
8,10330,3,1,2,0,0,2,27,28,209,169,34,17,39,15,4,2,137,136,38,2,7,9,-5,9,0.24,1,2,0,0,0,0,33,6.1,669,16.5,43.9
17,18765,5,6,0,0,5,0,46,33,194,131,31,30,21,27,10,6,231,201,1,0,0,0,-1,0,0,0,0,0,0,0,0,0,0,414,13,0
19,19042,4,2,4,0,1,2,53,36,292,219,49,27,49,20,5,2,237,194,19,2,1,3,-3,2,0.16,0,0,0,0,0,0,25,8,608,15.1,33.3
6,6603,1,2,4,0,2,3,22,10,104,46,5,8,6,4,2,7,57,47,68,4,5,9,-12,29,0.13,0,0,0,0,0,0,64,6.3,661,16.4,52.7
17,18765,5,6,0,0,5,0,46,33,194,131,31,30,21,27,10,6,231,201,31,1,4,5,-4,41,0.16,0,0,0,0,0,0,31,3.2,593,14.6,43.4
8,10330,3,1,2,0,0,2,27,28,209,169,34,17,39,15,4,2,137,136,38,2,7,9,-5,9,0.24,1,2,0,0,0,0,33,6.1,669,16.5,43.9
23,26188,2,2,1,0,2,1,85,64,283,228,51,70,53,27,8,10,332,349,9,0,0,0,-5,10,0,0,0,0,0,0,0,10,0,683,15.9,0
23,26188,2,2,1,0,2,1,85,64,283,228,51,70,53,27,8,10,332,349,1,0,0,0,-1,0,0,0,0,0,0,0,0,1,0,471,13,0
23,26188,2,2,1,0,2,1,85,64,283,228,51,70,53,27,8,10,332,349,40,2,2,4,3,59,0.1,0,0,0,0,0,0,40,5,486,12.2,32.2
23,26188,2,2,1,0,2,1,85,64,283,228,51,70,53,27,8,10,332,349,1,0,0,0,-1,0,0,0,0,0,0,0,0,2,0,631,15,50
23,26188,2,2,1,0,2,1,85,64,283,228,51,70,53,27,8,10,332,349,39,2,2,4,-1,27,0.1,0,0,0,0,0,0,34,5.9,561,12.8,40
23,26188,2,2,1,0,2,1,85,64,283,228,51,70,53,27,8,10,332,349,1,0,0,0,0,10,0,0,0,0,0,0,0,1,0,492,11,0
23,26188,2,2,1,0,2,1,85,64,283,228,51,70,53,27,8,10,332,349,5,0,0,0,-1,4,0,0,0,0,0,0,0,5,0,500,13.2,0
23,26188,2,2,1,0,2,1,85,64,283,228,51,70,53,27,8,10,332,349,7,0,0,0,-2,5,0,0,0,0,0,0,0,2,0,368,9.1,0
30,31089,9,2,3,0,2,3,116,95,409,298,66,84,58,37,7,13,446,244,20,1,0,1,-1,32,0.05,0,0,0,0,0,0,25,4,569,13.2,20
23,26188,2,2,1,0,2,1,85,64,283,228,51,70,53,27,8,10,332,349,2,0,0,0,-1,2,0,0,0,0,0,0,0,0,0,587,14,0
23,26188,2,2,1,0,2,1,85,64,283,228,51,70,53,27,8,10,332,349,7,0,0,0,-2,4,0,0,0,0,0,0,0,5,0,348,9.4,0
23,26188,2,2,1,0,2,1,85,64,283,228,51,70,53,27,8,10,332,349,20,3,2,5,3,34,0.25,0,0,0,0,1,0,14,21.4,519,12.4,0
23,26188,2,2,1,0,2,1,85,64,283,228,51,70,53,27,8,10,332,349,2,0,0,0,0,4,0,0,0,0,0,0,0,1,0,487,11,0
23,26188,2,2,1,0,2,1,85,64,283,228,51,70,53,27,8,10,332,349,2,0,0,0,0,4,0,0,0,0,0,0,0,1,0,487,11,0
9,6884,1,1,1,0,1,1,19,17,83,66,11,22,10,11,3,1,96,103,2,1,0,1,1,4,0.5,0,0,0,0,0,0,1,100,545,12,0
9,6884,1,1,1,0,1,1,19,17,83,66,11,22,10,11,3,1,96,103,9,1,4,5,4,8,0.56,1,1,0,0,0,0,23,4.3,911,20.9,0
9,6884,1,1,1,0,1,1,19,17,83,66,11,22,10,11,3,1,96,103,81,17,18,35,1,45,0.43,4,11,0,0,2,0,159,10.7,945,20.8,0
9,6884,1,1,1,0,1,1,19,17,83,66,11,22,10,11,3,1,96,103,11,4,2,6,3,4,0.55,0,0,0,0,1,0,27,14.8,1129,24.4,25
9,6884,1,1,1,0,1,1,19,17,83,66,11,22,10,11,3,1,96,103,78,26,40,66,17,36,0.85,11,26,0,1,9,0,191,13.6,1005,20.6,18.2
9,6884,1,1,1,0,1,1,19,17,83,66,11,22,10,11,3,1,96,103,13,4,0,4,5,4,0.31,1,1,0,0,1,0,23,17.4,1053,23.5,33.3
9,6884,1,1,1,0,1,1,19,17,83,66,11,22,10,11,3,1,96,103,79,24,31,55,19,47,0.7,5,16,1,1,8,0,233,10.3,1084,22.3,60
9,6884,1,1,1,0,1,1,19,17,83,66,11,22,10,11,3,1,96,103,6,1,0,1,-3,2,0.17,1,1,0,0,0,0,20,5,1162,26.7,0
9,6884,1,1,1,0,1,1,19,17,83,66,11,22,10,11,3,1,96,103,77,23,34,57,11,52,0.74,6,19,0,2,6,0,179,12.8,1107,25.5,46.7
9,6884,1,1,1,0,1,1,19,17,83,66,11,22,10,11,3,1,96,103,1,0,0,0,0,0,0,0,0,0,0,0,0,3,0,728,16,0
9,6884,1,1,1,0,1,1,19,17,83,66,11,22,10,11,3,1,96,103,66,22,12,34,-12,18,0.52,8,12,2,2,3,0,163,13.5,1095,21.4,50
9,6884,1,1,1,0,1,1,19,17,83,66,11,22,10,11,3,1,96,103,66,18,15,33,-12,49,0.5,1,4,4,4,0,0,167,10.8,1083,21.6,30.8
9,6884,1,1,1,0,1,1,19,17,83,66,11,22,10,11,3,1,96,103,7,1,1,2,3,4,0.29,0,0,0,0,0,0,19,5.3,1313,27.4,0
9,6884,1,1,1,0,1,1,19,17,83,66,11,22,10,11,3,1,96,103,77,35,25,60,4,32,0.78,10,15,1,2,3,0,212,16.5,1173,26.3,16.7
9,6884,1,1,1,0,1,1,19,17,83,66,11,22,10,11,3,1,96,103,10,3,2,5,3,2,0.5,0,1,1,2,0,0,29,10.3,1070,25.4,40
9,6884,1,1,1,0,1,1,19,17,83,66,11,22,10,11,3,1,96,103,23,4,10,14,8,17,0.61,0,2,0,1,0,0,58,6.9,1091,23.8,50
9,6884,1,1,1,0,1,1,19,17,83,66,11,22,10,11,3,1,96,103,82,17,22,39,-25,41,0.48,4,8,0,0,1,0,169,10.1,1055,24.2,42.9
9,6884,1,1,1,0,1,1,19,17,83,66,11,22,10,11,3,1,96,103,6,1,0,1,-2,4,0.17,0,0,0,0,0,0,14,7.1,1004,23,100
9,6884,1,1,1,0,1,1,19,17,83,66,11,22,10,11,3,1,96,103,66,13,21,34,3,33,0.52,5,10,1,1,1,0,130,10,982,22.5,47.8
9,6884,1,1,1,0,1,1,19,17,83,66,11,22,10,11,3,1,96,103,45,7,9,16,0,18,0.36,3,6,0,0,0,0,64,10.9,967,20.9,37.5
9,6884,1,1,1,0,1,1,19,17,83,66,11,22,10,11,3,1,96,103,5,1,1,2,-2,2,0.4,0,0,0,0,0,0,6,16.7,856,21,0
9,6884,1,1,1,0,1,1,19,17,83,66,11,22,10,11,3,1,96,103,5,1,1,2,-2,2,0.4,0,0,0,0,0,0,6,16.7,856,21,0
10,9915,3,2,0,0,2,0,43,33,102,74,29,19,29,11,8,8,103,132,1,0,0,0,0,0,0,0,0,0,0,0,0,2,0,786,16,0
10,9915,3,2,0,0,2,0,43,33,102,74,29,19,29,11,8,8,103,132,60,8,9,17,-21,86,0.28,2,4,0,0,0,0,105,7.6,771,17.3,50
10,9915,3,2,0,0,2,0,43,33,102,74,29,19,29,11,8,8,103,132,60,8,9,17,-21,86,0.28,2,4,0,0,0,0,105,7.6,771,17.3,50
24,23818,3,5,4,0,4,3,90,64,325,257,59,62,62,35,6,4,329,300,24,2,3,5,-3,6,0.21,0,0,0,0,0,0,28,7.1,731,17.7,51.7
7,6211,1,4,0,0,3,0,26,12,98,60,16,8,9,5,1,2,59,44,43,4,3,7,-17,17,0.16,0,0,0,0,0,0,57,7,703,16.2,28.6
24,23818,3,5,4,0,4,3,90,64,325,257,59,62,62,35,6,4,329,300,1,0,0,0,-2,0,0,0,0,0,0,0,0,4,0,989,20,38.5
7,6211,1,4,0,0,3,0,26,12,98,60,16,8,9,5,1,2,59,44,43,4,3,7,-17,17,0.16,0,0,0,0,0,0,57,7,703,16.2,28.6
24,23818,3,5,4,0,4,3,90,64,325,257,59,62,62,35,6,4,329,300,1,0,0,0,-2,0,0,0,0,0,0,0,0,4,0,989,20,38.5
25,27838,13,6,3,0,5,3,140,116,396,282,96,63,71,40,5,6,389,315,2,0,0,0,-1,0,0,0,0,0,0,0,0,0,0,831,19,0
25,27838,13,6,3,0,5,3,140,116,396,282,96,63,71,40,5,6,389,315,17,3,3,6,-1,10,0.35,0,1,0,0,1,0,30,10,938,19.5,0
25,27838,13,6,3,0,5,3,140,116,396,282,96,63,71,40,5,6,389,315,5,0,0,0,-1,0,0,0,0,0,0,0,0,7,0,573,13.6,0
25,27838,13,6,3,0,5,3,140,116,396,282,96,63,71,40,5,6,389,315,7,0,0,0,-2,0,0,0,0,0,0,0,0,8,0,553,13.7,0
25,27838,13,6,3,0,5,3,140,116,396,282,96,63,71,40,5,6,389,315,7,0,0,0,-2,0,0,0,0,0,0,0,0,8,0,553,13.7,0
4,4047,1,1,0,0,0,0,8,7,58,39,10,6,12,3,2,1,35,37,11,2,3,5,-4,6,0.45,1,1,0,0,0,0,33,6.1,937,22.4,0
22,22261,7,4,2,0,4,1,74,64,405,291,65,57,57,22,8,2,257,233,3,1,0,1,1,0,0.33,1,1,0,0,0,0,3,33.3,682,16.7,0
4,4047,1,1,0,0,0,0,8,7,58,39,10,6,12,3,2,1,35,37,56,5,4,9,1,16,0.16,0,1,0,0,0,0,70,7.1,650,16.7,11.8
22,22261,7,4,2,0,4,1,74,64,405,291,65,57,57,22,8,2,257,233,3,1,0,1,1,0,0.33,1,1,0,0,0,0,3,33.3,682,16.7,0
4,4047,1,1,0,0,0,0,8,7,58,39,10,6,12,3,2,1,35,37,56,5,4,9,1,16,0.16,0,1,0,0,0,0,70,7.1,650,16.7,11.8
11,10658,0,3,1,0,2,1,29,27,122,109,20,32,28,11,2,2,138,147,19,0,1,1,-4,8,0.05,0,0,0,0,0,0,18,0,593,14.6,44.1
11,10658,0,3,1,0,2,1,29,27,122,109,20,32,28,11,2,2,138,147,4,1,0,1,0,2,0.25,0,0,0,0,0,0,4,25,1143,24.8,42.1
11,10658,0,3,1,0,2,1,29,27,122,109,20,32,28,11,2,2,138,147,29,2,3,5,3,16,0.17,0,0,0,0,0,0,24,8.3,622,14.9,37.9
11,10658,0,3,1,0,2,1,29,27,122,109,20,32,28,11,2,2,138,147,4,1,0,1,0,2,0.25,0,0,0,0,0,0,4,25,1143,24.8,42.1
11,10658,0,3,1,0,2,1,29,27,122,109,20,32,28,11,2,2,138,147,29,2,3,5,3,16,0.17,0,0,0,0,0,0,24,8.3,622,14.9,37.9
23,22751,10,6,7,0,5,7,77,64,284,224,62,58,53,40,6,8,341,259,2,0,0,0,0,0,0,0,0,0,0,0,0,0,0,557,13.5,28.6
23,22751,10,6,7,0,5,7,77,64,284,224,62,58,53,40,6,8,341,259,18,1,3,4,0,4,0.22,0,0,1,1,1,0,13,7.7,618,14.3,46
23,22751,10,6,7,0,5,7,77,64,284,224,62,58,53,40,6,8,341,259,10,0,0,0,-4,2,0,0,0,0,0,0,0,9,0,550,13.8,36.4
23,22751,10,6,7,0,5,7,77,64,284,224,62,58,53,40,6,8,341,259,10,0,0,0,-4,2,0,0,0,0,0,0,0,9,0,550,13.8,36.4
14,11539,4,1,4,0,1,4,44,34,170,125,26,24,29,11,2,3,170,142,6,0,0,0,-2,0,0,0,0,0,0,0,0,8,0,663,16.8,100
14,11539,4,1,4,0,1,4,44,34,170,125,26,24,29,11,2,3,170,142,7,0,0,0,-4,0,0,0,0,0,0,0,0,7,0,548,15,39.4
14,11539,4,1,4,0,1,4,44,34,170,125,26,24,29,11,2,3,170,142,3,0,0,0,0,0,0,0,0,0,0,0,0,1,0,536,13,25
24,25488,1,3,1,0,2,1,49,36,359,270,15,55,62,48,7,9,258,377,1,1,0,1,1,2,1,0,0,0,0,1,0,1,100,1079,25,0
26,27854,9,9,6,0,7,4,93,58,493,296,52,64,47,27,6,6,254,197,3,0,0,0,-1,0,0,0,0,0,0,0,0,0,0,226,8,0
26,27854,9,9,6,0,7,4,93,58,493,296,52,64,47,27,6,6,254,197,12,0,0,0,2,0,0,0,0,0,0,0,0,6,0,386,9.7,0
26,27854,9,9,6,0,7,4,93,58,493,296,52,64,47,27,6,6,254,197,10,0,1,1,2,0,0.1,0,0,0,0,0,0,5,0,472,11,0
26,27854,9,9,6,0,7,4,93,58,493,296,52,64,47,27,6,6,254,197,4,1,0,1,0,0,0.25,0,0,0,0,0,0,5,20,598,12.3,0
12,13131,2,5,1,0,5,0,48,41,141,108,20,24,28,9,9,4,162,149,3,0,0,0,0,2,0,0,0,0,0,0,0,3,0,751,17.7,0
26,27854,9,9,6,0,7,4,93,58,493,296,52,64,47,27,6,6,254,197,1,0,0,0,0,0,0,0,0,0,0,0,0,0,0,340,10,0
26,27854,9,9,6,0,7,4,93,58,493,296,52,64,47,27,6,6,254,197,6,0,0,0,-2,0,0,0,0,0,0,0,0,8,0,628,13.7,0
12,13131,2,5,1,0,5,0,48,41,141,108,20,24,28,9,9,4,162,149,21,0,3,3,-4,22,0.14,0,0,0,0,0,0,19,0,474,12.1,0
26,27854,9,9,6,0,7,4,93,58,493,296,52,64,47,27,6,6,254,197,1,0,0,0,0,0,0,0,0,0,0,0,0,0,0,340,10,0
26,27854,9,9,6,0,7,4,93,58,493,296,52,64,47,27,6,6,254,197,6,0,0,0,-2,0,0,0,0,0,0,0,0,8,0,628,13.7,0
12,13131,2,5,1,0,5,0,48,41,141,108,20,24,28,9,9,4,162,149,21,0,3,3,-4,22,0.14,0,0,0,0,0,0,19,0,474,12.1,0
2,2026,1,0,0,0,0,0,5,5,44,34,11,5,6,3,0,1,25,31,5,0,1,1,1,0,0.2,0,1,0,0,0,0,10,0,737,18,0
2,2026,1,0,0,0,0,0,5,5,44,34,11,5,6,3,0,1,25,31,41,8,12,20,6,13,0.49,1,3,0,0,0,0,55,14.5,795,18.9,14.3
2,2026,1,0,0,0,0,0,5,5,44,34,11,5,6,3,0,1,25,31,5,0,1,1,1,0,0.2,0,1,0,0,0,0,10,0,737,18,0
2,2026,1,0,0,0,0,0,5,5,44,34,11,5,6,3,0,1,25,31,41,8,12,20,6,13,0.49,1,3,0,0,0,0,55,14.5,795,18.9,14.3
24,21961,4,4,2,0,3,2,73,65,368,301,46,39,39,23,8,3,367,242,81,22,32,54,-13,32,0.67,7,22,0,0,3,0,201,10.9,1035,20.9,41.8
24,21961,4,4,2,0,3,2,73,65,368,301,46,39,39,23,8,3,367,242,72,13,23,36,-7,24,0.5,5,11,0,0,4,0,138,9.4,964,20.4,44.6
24,21961,4,4,2,0,3,2,73,65,368,301,46,39,39,23,8,3,367,242,69,13,24,37,-1,16,0.54,4,11,0,0,2,0,124,10.5,839,18.4,40.9
24,21961,4,4,2,0,3,2,73,65,368,301,46,39,39,23,8,3,367,242,32,7,9,16,-3,8,0.5,1,5,0,0,1,0,82,8.5,879,20.4,60
24,21961,4,4,2,0,3,2,73,65,368,301,46,39,39,23,8,3,367,242,43,8,9,17,-11,18,0.4,2,4,0,0,0,0,131,6.1,975,21.1,44.2
26,24732,13,9,2,0,9,1,100,90,512,414,55,52,70,31,7,4,387,252,11,0,2,2,0,0,0.18,0,1,0,0,0,0,8,0,834,17.9,66.7
26,24732,13,9,2,0,9,1,100,90,512,414,55,52,70,31,7,4,387,252,11,0,2,2,0,0,0.18,0,1,0,0,0,0,8,0,834,17.9,66.7
14,12283,1,3,1,0,3,1,34,26,183,127,27,25,17,7,4,3,150,100,3,0,2,2,1,0,0.67,0,0,0,0,0,0,2,0,567,13.3,0
23,28052,8,6,3,0,2,1,74,65,509,403,102,55,77,30,4,4,383,367,9,1,1,2,-3,4,0.22,0,0,0,0,0,0,15,6.7,684,16.2,46.4
23,28052,8,6,3,0,2,1,74,65,509,403,102,55,77,30,4,4,383,367,28,3,2,5,-14,10,0.18,0,0,0,0,0,0,28,10.7,806,17.7,45.1
23,28052,8,6,3,0,2,1,74,65,509,403,102,55,77,30,4,4,383,367,6,1,2,3,2,2,0.5,0,0,0,0,0,0,2,50,510,13.3,55.6
23,28052,8,6,3,0,2,1,74,65,509,403,102,55,77,30,4,4,383,367,7,0,0,0,-3,2,0,0,0,0,0,0,0,1,0,478,11.7,55.6
23,28052,8,6,3,0,2,1,74,65,509,403,102,55,77,30,4,4,383,367,7,0,0,0,-3,2,0,0,0,0,0,0,0,1,0,478,11.7,55.6
28,23576,5,1,3,0,1,2,73,63,256,211,71,55,67,38,3,6,251,358,15,1,2,3,-10,2,0.2,0,0,0,0,0,0,13,7.7,542,13.4,53.1
23,22826,1,1,1,0,1,1,51,40,384,298,4,47,57,80,8,5,223,371,5,0,0,0,-1,0,0,0,0,0,0,0,0,5,0,934,20.8,0
23,22826,1,1,1,0,1,1,51,40,384,298,4,47,57,80,8,5,223,371,4,0,0,0,-3,0,0,0,0,0,0,0,0,4,0,1013,22.5,0
23,22826,1,1,1,0,1,1,51,40,384,298,4,47,57,80,8,5,223,371,4,0,0,0,0,2,0,0,0,0,0,0,0,5,0,953,23.3,0
14,9434,0,2,2,0,0,2,13,10,78,67,11,28,17,14,6,4,103,102,4,0,0,0,-2,5,0,0,0,0,0,0,0,1,0,311,9,0
14,9434,0,2,2,0,0,2,13,10,78,67,11,28,17,14,6,4,103,102,14,0,2,2,1,26,0.14,0,0,0,0,0,0,7,0,437,10.5,40
14,9434,0,2,2,0,0,2,13,10,78,67,11,28,17,14,6,4,103,102,47,4,5,9,3,113,0.19,0,0,0,0,1,0,46,8.7,564,14.3,0
14,9434,0,2,2,0,0,2,13,10,78,67,11,28,17,14,6,4,103,102,58,3,4,7,-7,166,0.12,0,0,0,0,1,0,29,10.3,507,12.9,0
14,9434,0,2,2,0,0,2,13,10,78,67,11,28,17,14,6,4,103,102,1,0,0,0,0,0,0,0,0,0,0,0,0,0,0,330,5,0
14,9434,0,2,2,0,0,2,13,10,78,67,11,28,17,14,6,4,103,102,19,0,4,4,1,22,0.21,0,0,0,0,0,0,10,0,485,13.5,0
7,6461,1,2,0,0,2,0,31,24,110,80,15,17,16,11,1,2,87,49,3,0,0,0,0,0,0,0,0,0,0,0,0,2,0,514,12.3,0
7,6461,1,2,0,0,2,0,31,24,110,80,15,17,16,11,1,2,87,49,3,0,0,0,0,0,0,0,0,0,0,0,0,2,0,514,12.3,0
29,22482,4,5,0,0,3,0,42,27,201,142,12,47,33,48,4,2,184,290,9,0,0,0,-3,0,0,0,0,0,0,0,0,8,0,659,15.7,40.8
29,22482,4,5,0,0,3,0,42,27,201,142,12,47,33,48,4,2,184,290,58,2,4,6,-3,19,0.1,0,0,0,0,1,0,59,3.4,558,13.6,46.7
29,22482,4,5,0,0,3,0,42,27,201,142,12,47,33,48,4,2,184,290,3,0,0,0,0,2,0,0,0,0,0,0,0,3,0,551,13.7,100
29,22482,4,5,0,0,3,0,42,27,201,142,12,47,33,48,4,2,184,290,63,2,8,10,-4,40,0.16,0,1,0,0,0,0,74,2.7,471,11.8,49.5
29,22482,4,5,0,0,3,0,42,27,201,142,12,47,33,48,4,2,184,290,74,3,7,10,-9,27,0.14,1,1,0,0,0,0,88,3.4,708,17.8,52.8
29,22482,4,5,0,0,3,0,42,27,201,142,12,47,33,48,4,2,184,290,52,2,1,3,-3,16,0.06,0,0,0,0,0,0,44,4.5,465,10.8,49.2
22,13129,4,2,0,0,2,0,19,18,144,126,32,38,27,25,7,6,143,191,1,0,0,0,0,4,0,0,0,0,0,0,0,0,0,977,22,0
21,15498,0,4,1,0,2,0,38,25,215,130,28,44,46,23,4,0,130,157,1,0,0,0,-1,0,0,0,0,0,0,0,0,1,0,709,18,0
14,18982,4,4,3,0,2,0,92,64,385,279,33,38,64,28,1,0,231,224,6,1,2,3,-4,0,0.5,1,2,0,0,0,0,5,20,873,21,0
16,17637,1,3,0,0,1,0,46,30,429,282,8,20,58,25,2,2,193,178,3,0,0,0,1,0,0,0,0,0,0,0,0,1,0,976,18,0
14,18982,4,4,3,0,2,0,92,64,385,279,33,38,64,28,1,0,231,224,15,2,2,4,1,5,0.27,0,0,0,0,0,0,15,13.3,943,19.9,0
16,17637,1,3,0,0,1,0,46,30,429,282,8,20,58,25,2,2,193,178,7,0,0,0,-3,4,0,0,0,0,0,0,0,3,0,592,14.6,0
14,18982,4,4,3,0,2,0,92,64,385,279,33,38,64,28,1,0,231,224,1,0,0,0,1,0,0,0,0,0,0,0,0,0,0,237,5,0
16,17637,1,3,0,0,1,0,46,30,429,282,8,20,58,25,2,2,193,178,7,0,0,0,-3,4,0,0,0,0,0,0,0,3,0,592,14.6,0
14,18982,4,4,3,0,2,0,92,64,385,279,33,38,64,28,1,0,231,224,1,0,0,0,1,0,0,0,0,0,0,0,0,0,0,237,5,0
29,31217,2,2,2,0,2,2,88,72,437,329,14,69,74,96,14,5,347,376,1,0,0,0,0,0,0,0,0,0,0,0,0,2,0,1067,24,0
29,31217,2,2,2,0,2,2,88,72,437,329,14,69,74,96,14,5,347,376,1,0,0,0,0,0,0,0,0,0,0,0,0,2,0,1067,24,0
19,17615,2,3,2,0,3,2,65,48,236,185,48,33,35,21,6,3,206,223,5,0,0,0,0,0,0,0,0,0,0,0,0,10,0,691,15.2,44.2
15,19418,3,3,0,0,2,0,65,51,200,150,17,61,36,61,9,8,193,270,5,0,0,0,-3,7,0,0,0,0,0,0,0,7,0,1042,23.8,0
15,19418,3,3,0,0,2,0,65,51,200,150,17,61,36,61,9,8,193,270,2,0,0,0,-1,0,0,0,0,0,0,0,0,1,0,745,20,0
19,17615,2,3,2,0,3,2,65,48,236,185,48,33,35,21,6,3,206,223,31,2,4,6,-1,17,0.19,0,1,0,0,0,0,51,3.9,763,18.7,47.3
19,17615,2,3,2,0,3,2,65,48,236,185,48,33,35,21,6,3,206,223,3,0,0,0,-1,0,0,0,0,0,0,0,0,8,0,550,11.7,66.7
19,17615,2,3,2,0,3,2,65,48,236,185,48,33,35,21,6,3,206,223,71,7,14,21,-2,34,0.3,0,0,0,0,0,0,85,8.2,626,15.1,43.8
15,19418,3,3,0,0,2,0,65,51,200,150,17,61,36,61,9,8,193,270,6,1,0,1,-4,11,0.17,0,0,0,0,0,0,4,25,1026,19.8,0
19,17615,2,3,2,0,3,2,65,48,236,185,48,33,35,21,6,3,206,223,2,0,0,0,0,0,0,0,0,0,0,0,0,4,0,614,16.5,55
15,19418,3,3,0,0,2,0,65,51,200,150,17,61,36,61,9,8,193,270,25,2,7,9,-1,35,0.36,0,0,0,0,0,0,39,5.1,848,17.2,0
19,17615,2,3,2,0,3,2,65,48,236,185,48,33,35,21,6,3,206,223,2,0,0,0,0,0,0,0,0,0,0,0,0,4,0,614,16.5,55
15,19418,3,3,0,0,2,0,65,51,200,150,17,61,36,61,9,8,193,270,25,2,7,9,-1,35,0.36,0,0,0,0,0,0,39,5.1,848,17.2,0
24,20639,8,3,2,0,3,1,72,60,239,179,52,67,56,29,5,12,225,268,4,2,0,2,0,4,0.5,0,0,0,0,1,1,10,20,744,20.8,30.8
24,20639,8,3,2,0,3,1,72,60,239,179,52,67,56,29,5,12,225,268,8,0,1,1,-1,2,0.13,0,0,0,0,0,0,11,0,552,14.4,33.3
24,20639,8,3,2,0,3,1,72,60,239,179,52,67,56,29,5,12,225,268,4,2,0,2,0,4,0.5,0,0,0,0,1,1,10,20,744,20.8,30.8
24,20639,8,3,2,0,3,1,72,60,239,179,52,67,56,29,5,12,225,268,8,0,1,1,-1,2,0.13,0,0,0,0,0,0,11,0,552,14.4,33.3
3,3576,1,0,2,0,0,1,7,5,89,59,9,6,12,7,1,1,42,25,30,6,4,10,-2,6,0.33,1,3,0,0,1,0,33,18.2,806,17,33.3
21,23383,2,1,2,0,1,0,49,33,446,302,5,44,42,42,11,5,198,273,22,0,2,2,4,18,0.09,0,0,0,0,0,0,11,0,807,19.8,0
3,3576,1,0,2,0,0,1,7,5,89,59,9,6,12,7,1,1,42,25,4,0,1,1,-4,4,0.25,0,1,0,0,0,0,2,0,598,13.8,0
21,23383,2,1,2,0,1,0,49,33,446,302,5,44,42,42,11,5,198,273,19,0,1,1,-5,17,0.05,0,0,0,0,0,0,9,0,837,20.1,0
3,3576,1,0,2,0,0,1,7,5,89,59,9,6,12,7,1,1,42,25,24,0,5,5,6,8,0.21,0,1,0,0,0,0,21,0,764,17.5,25
21,23383,2,1,2,0,1,0,49,33,446,302,5,44,42,42,11,5,198,273,9,1,0,1,2,15,0.11,0,0,0,0,0,0,3,33.3,808,19.7,0
3,3576,1,0,2,0,0,1,7,5,89,59,9,6,12,7,1,1,42,25,24,0,5,5,6,8,0.21,0,1,0,0,0,0,21,0,764,17.5,25
21,23383,2,1,2,0,1,0,49,33,446,302,5,44,42,42,11,5,198,273,9,1,0,1,2,15,0.11,0,0,0,0,0,0,3,33.3,808,19.7,0
21,21268,5,2,5,0,1,5,53,38,391,286,31,39,34,27,5,4,252,218,14,2,1,3,-1,18,0.21,0,0,0,0,0,0,13,15.4,618,13.8,0
21,21268,5,2,5,0,1,5,53,38,391,286,31,39,34,27,5,4,252,218,14,2,1,3,-1,18,0.21,0,0,0,0,0,0,13,15.4,618,13.8,0
10,13409,0,1,1,0,1,1,58,40,180,122,18,29,31,24,2,3,130,146,3,0,0,0,0,2,0,0,0,0,0,0,0,6,0,995,22.7,0
10,13409,0,1,1,0,1,1,58,40,180,122,18,29,31,24,2,3,130,146,10,0,1,1,-1,2,0.1,0,0,0,0,0,0,9,0,603,16,0
10,13409,0,1,1,0,1,1,58,40,180,122,18,29,31,24,2,3,130,146,9,0,1,1,-1,2,0.11,0,0,0,0,0,0,11,0,618,15.6,0
10,13409,0,1,1,0,1,1,58,40,180,122,18,29,31,24,2,3,130,146,29,0,4,4,-4,8,0.14,0,0,0,0,0,0,27,0,779,17.9,0
10,13409,0,1,1,0,1,1,58,40,180,122,18,29,31,24,2,3,130,146,29,0,4,4,-4,8,0.14,0,0,0,0,0,0,27,0,779,17.9,0
17,13994,7,2,2,0,1,1,50,35,243,154,29,23,32,9,4,4,164,88,2,1,0,1,1,0,0.5,0,0,0,0,0,0,2,50,563,11,0
17,13994,7,2,2,0,1,1,50,35,243,154,29,23,32,9,4,4,164,88,24,0,3,3,2,4,0.13,0,0,0,0,0,0,30,0,547,11.9,0
23,21025,5,5,1,0,3,0,60,47,281,202,41,66,44,35,14,12,214,285,17,1,2,3,-1,6,0.18,0,0,0,0,0,0,22,4.5,551,13.2,0
23,21025,5,5,1,0,3,0,60,47,281,202,41,66,44,35,14,12,214,285,7,1,0,1,0,4,0.14,0,0,0,0,0,0,8,12.5,712,16.1,0
23,21025,5,5,1,0,3,0,60,47,281,202,41,66,44,35,14,12,214,285,32,1,1,2,-13,17,0.06,0,0,0,0,0,0,27,3.7,616,15.1,0
5,4110,1,0,0,0,0,0,12,10,41,34,5,13,11,4,2,1,54,43,12,0,0,0,-3,6,0,0,0,0,0,0,0,13,0,540,13.8,0
5,4110,1,0,0,0,0,0,12,10,41,34,5,13,11,4,2,1,54,43,24,3,4,7,4,4,0.29,0,0,0,0,0,0,25,12,553,15.3,38.2
5,4110,1,0,0,0,0,0,12,10,41,34,5,13,11,4,2,1,54,43,1,1,0,1,1,0,1,0,0,0,0,1,0,2,50,637,15,62.5
5,4110,1,0,0,0,0,0,12,10,41,34,5,13,11,4,2,1,54,43,48,4,10,14,2,14,0.29,0,0,0,1,0,0,58,6.9,781,20.1,35.1
5,4110,1,0,0,0,0,0,12,10,41,34,5,13,11,4,2,1,54,43,66,4,7,11,-8,18,0.17,0,0,1,1,1,0,89,4.5,747,18.7,41
5,4110,1,0,0,0,0,0,12,10,41,34,5,13,11,4,2,1,54,43,61,5,8,13,4,12,0.21,0,0,0,2,1,0,84,5.9,791,19.2,40.4
5,4110,1,0,0,0,0,0,12,10,41,34,5,13,11,4,2,1,54,43,82,1,10,11,-13,43,0.13,0,0,0,0,0,0,62,1.6,732,17,42.1
5,4110,1,0,0,0,0,0,12,10,41,34,5,13,11,4,2,1,54,43,26,1,5,6,9,2,0.23,0,0,0,0,0,0,17,5.9,672,16.6,46.7
5,4110,1,0,0,0,0,0,12,10,41,34,5,13,11,4,2,1,54,43,26,1,5,6,9,2,0.23,0,0,0,0,0,0,17,5.9,672,16.6,46.7
25,23696,12,6,1,0,3,1,67,50,247,164,31,50,31,29,7,4,283,256,11,1,5,6,4,8,0.55,1,1,0,0,1,0,14,7.1,916,21,50
25,23696,12,6,1,0,3,1,67,50,247,164,31,50,31,29,7,4,283,256,39,14,13,27,4,35,0.69,2,6,1,1,1,0,75,18.7,848,19,62.5
25,23696,12,6,1,0,3,1,67,50,247,164,31,50,31,29,7,4,283,256,11,0,1,1,2,2,0.09,0,0,0,0,0,0,15,0,639,15,0
25,23696,12,6,1,0,3,1,67,50,247,164,31,50,31,29,7,4,283,256,62,15,16,31,5,29,0.5,6,14,0,0,4,0,104,14.4,814,17.3,27.8
25,23696,12,6,1,0,3,1,67,50,247,164,31,50,31,29,7,4,283,256,76,16,16,32,-1,64,0.42,4,9,0,0,0,0,131,12.2,800,17,40
25,23696,12,6,1,0,3,1,67,50,247,164,31,50,31,29,7,4,283,256,10,2,2,4,-1,7,0.4,2,2,0,0,2,0,15,13.3,900,22.1,0
25,23696,12,6,1,0,3,1,67,50,247,164,31,50,31,29,7,4,283,256,81,15,17,32,4,27,0.4,2,7,0,0,4,0,137,10.9,830,18.7,23.8
25,23696,12,6,1,0,3,1,67,50,247,164,31,50,31,29,7,4,283,256,12,4,1,5,-1,0,0.42,2,3,0,0,0,0,17,23.5,598,16.1,0
25,23696,12,6,1,0,3,1,67,50,247,164,31,50,31,29,7,4,283,256,59,11,11,22,0,21,0.37,3,4,0,0,0,0,95,11.6,850,19.9,20.6
25,23696,12,6,1,0,3,1,67,50,247,164,31,50,31,29,7,4,283,256,68,5,10,15,-14,21,0.22,3,3,0,0,0,0,97,5.1,781,17.6,23.5
25,23696,12,6,1,0,3,1,67,50,247,164,31,50,31,29,7,4,283,256,24,2,5,7,3,27,0.29,0,0,0,0,0,0,22,9.1,621,16.1,40
25,23696,12,6,1,0,3,1,67,50,247,164,31,50,31,29,7,4,283,256,32,1,5,6,6,16,0.19,0,0,0,0,0,0,23,4.3,717,17.5,20
4,4551,0,0,1,0,0,0,21,20,63,56,2,12,9,17,3,0,59,66,7,0,1,1,-1,4,0.14,0,0,0,0,0,0,7,0,909,18,0
25,23696,12,6,1,0,3,1,67,50,247,164,31,50,31,29,7,4,283,256,47,8,7,15,-7,17,0.32,2,4,0,0,1,0,88,9.1,825,19.6,50
4,4551,0,0,1,0,0,0,21,20,63,56,2,12,9,17,3,0,59,66,28,1,8,9,9,33,0.32,0,0,0,0,0,0,25,4,1036,20,0
25,23696,12,6,1,0,3,1,67,50,247,164,31,50,31,29,7,4,283,256,78,3,9,12,-15,33,0.15,0,1,0,0,1,1,104,2.9,746,18,33.3
4,4551,0,0,1,0,0,0,21,20,63,56,2,12,9,17,3,0,59,66,33,2,8,10,7,53,0.3,0,0,0,0,1,0,27,7.4,915,18.8,0
25,23696,12,6,1,0,3,1,67,50,247,164,31,50,31,29,7,4,283,256,67,16,16,32,2,28,0.48,4,8,0,0,2,0,107,15,776,18.5,50
4,4551,0,0,1,0,0,0,21,20,63,56,2,12,9,17,3,0,59,66,1,0,0,0,-1,0,0,0,0,0,0,0,0,1,0,731,19,0
25,23696,12,6,1,0,3,1,67,50,247,164,31,50,31,29,7,4,283,256,6,0,0,0,-2,0,0,0,0,0,0,0,0,6,0,765,20.7,100
25,23696,12,6,1,0,3,1,67,50,247,164,31,50,31,29,7,4,283,256,24,1,5,6,3,9,0.25,0,0,0,0,0,0,27,3.7,673,16.6,0
4,4551,0,0,1,0,0,0,21,20,63,56,2,12,9,17,3,0,59,66,11,0,1,1,2,24,0.09,0,0,0,0,0,0,11,0,821,19.5,0
4,4551,0,0,1,0,0,0,21,20,63,56,2,12,9,17,3,0,59,66,11,0,1,1,2,24,0.09,0,0,0,0,0,0,11,0,821,19.5,0
21,26880,1,2,3,0,2,2,114,87,650,490,22,71,103,57,8,8,329,359,38,5,5,10,9,12,0.26,0,3,0,0,1,0,57,8.8,1063,21.6,0
21,26880,1,2,3,0,2,2,114,87,650,490,22,71,103,57,8,8,329,359,23,2,3,5,-1,6,0.22,0,0,0,0,0,0,20,10,894,19.8,0
21,26880,1,2,3,0,2,2,114,87,650,490,22,71,103,57,8,8,329,359,25,2,2,4,-4,12,0.16,0,1,0,0,1,0,28,7.1,1031,21.8,0
21,26880,1,2,3,0,2,2,114,87,650,490,22,71,103,57,8,8,329,359,47,0,4,4,5,26,0.09,0,1,0,0,0,0,54,0,905,18.9,50
11,11257,0,0,0,0,0,0,30,20,195,127,5,15,22,20,4,2,92,155,1,0,0,0,2,2,0,0,0,0,0,0,0,1,0,875,19,0
21,26880,1,2,3,0,2,2,114,87,650,490,22,71,103,57,8,8,329,359,11,1,1,2,-2,6,0.18,0,0,0,0,0,0,10,10,795,19.5,0
11,11257,0,0,0,0,0,0,30,20,195,127,5,15,22,20,4,2,92,155,38,2,5,7,-6,14,0.18,0,0,0,0,0,0,46,4.3,965,22.5,0
21,26880,1,2,3,0,2,2,114,87,650,490,22,71,103,57,8,8,329,359,11,1,1,2,-2,6,0.18,0,0,0,0,0,0,10,10,795,19.5,0
11,11257,0,0,0,0,0,0,30,20,195,127,5,15,22,20,4,2,92,155,38,2,5,7,-6,14,0.18,0,0,0,0,0,0,46,4.3,965,22.5,0
17,16256,0,4,0,0,4,0,43,35,311,252,12,39,43,34,4,0,253,175,9,0,3,3,-4,2,0.33,0,2,0,0,0,0,13,0,1084,24.8,0
17,16256,0,4,0,0,4,0,43,35,311,252,12,39,43,34,4,0,253,175,3,0,0,0,-2,0,0,0,0,0,0,0,0,1,0,789,22,0
12,13826,5,4,3,0,3,3,79,62,285,224,69,21,42,23,1,1,185,157,12,2,1,3,0,0,0.25,0,0,0,0,0,0,12,16.7,564,13.3,20
12,13826,5,4,3,0,3,3,79,62,285,224,69,21,42,23,1,1,185,157,44,7,10,17,1,6,0.39,1,2,0,0,0,0,74,9.5,847,19.9,42.9
12,13826,5,4,3,0,3,3,79,62,285,224,69,21,42,23,1,1,185,157,46,7,17,24,1,12,0.52,2,4,0,0,0,0,68,10.3,838,18.4,70
12,13826,5,4,3,0,3,3,79,62,285,224,69,21,42,23,1,1,185,157,46,7,17,24,1,12,0.52,2,4,0,0,0,0,68,10.3,838,18.4,70
28,25241,2,1,1,0,1,1,47,40,200,158,26,95,48,64,9,3,275,382,41,1,1,2,-5,39,0.05,0,0,0,0,0,0,11,9.1,265,6.7,0
28,25241,2,1,1,0,1,1,47,40,200,158,26,95,48,64,9,3,275,382,3,0,0,0,0,7,0,0,0,0,0,0,0,1,0,405,12.3,100
28,25241,2,1,1,0,1,1,47,40,200,158,26,95,48,64,9,3,275,382,4,0,0,0,0,0,0,0,0,0,0,0,0,0,0,188,5.3,0
28,25241,2,1,1,0,1,1,47,40,200,158,26,95,48,64,9,3,275,382,67,4,7,11,5,115,0.16,0,0,0,0,0,0,52,7.7,628,15.6,16.7
28,25241,2,1,1,0,1,1,47,40,200,158,26,95,48,64,9,3,275,382,20,0,0,0,-5,18,0,0,0,0,0,0,0,7,0,448,12.1,45.8
28,25241,2,1,1,0,1,1,47,40,200,158,26,95,48,64,9,3,275,382,73,3,7,10,-5,72,0.14,0,0,0,0,1,0,45,6.7,535,14.3,40.3
28,25241,2,1,1,0,1,1,47,40,200,158,26,95,48,64,9,3,275,382,78,5,11,16,-12,73,0.21,0,0,0,0,1,0,86,5.8,805,19.2,39.7
28,25241,2,1,1,0,1,1,47,40,200,158,26,95,48,64,9,3,275,382,5,1,0,1,0,4,0.2,0,0,0,0,0,0,3,33.3,493,13,28.6
28,25241,2,1,1,0,1,1,47,40,200,158,26,95,48,64,9,3,275,382,48,1,1,2,-11,62,0.04,1,1,0,0,0,0,38,2.6,604,13.9,43.1
28,25241,2,1,1,0,1,1,47,40,200,158,26,95,48,64,9,3,275,382,8,0,0,0,0,4,0,0,0,0,0,0,0,10,0,590,15.4,0
28,25241,2,1,1,0,1,1,47,40,200,158,26,95,48,64,9,3,275,382,67,4,9,13,-8,90,0.19,0,0,0,0,0,0,56,7.1,707,16.4,47.4
28,25241,2,1,1,0,1,1,47,40,200,158,26,95,48,64,9,3,275,382,19,0,1,1,-2,31,0.05,0,0,0,0,0,0,12,0,560,14.6,0
28,25241,2,1,1,0,1,1,47,40,200,158,26,95,48,64,9,3,275,382,66,1,5,6,-12,98,0.09,0,0,0,0,0,0,53,1.9,614,15.9,33.3
28,25241,2,1,1,0,1,1,47,40,200,158,26,95,48,64,9,3,275,382,4,0,0,0,0,4,0,0,0,0,0,0,0,2,0,567,14.8,50
28,25241,2,1,1,0,1,1,47,40,200,158,26,95,48,64,9,3,275,382,57,4,3,7,-3,66,0.12,0,0,0,0,0,0,49,8.2,617,16.2,30
28,25241,2,1,1,0,1,1,47,40,200,158,26,95,48,64,9,3,275,382,7,1,3,4,-1,7,0.57,0,0,0,0,1,0,5,20,592,16.6,0
28,25241,2,1,1,0,1,1,47,40,200,158,26,95,48,64,9,3,275,382,11,1,1,2,0,17,0.18,0,0,0,0,0,0,8,12.5,654,17,100
23,25837,4,3,4,0,3,2,70,52,558,416,87,50,96,35,9,9,370,201,3,0,0,0,-2,2,0,0,0,0,0,0,0,1,0,762,16.3,43.3
28,25241,2,1,1,0,1,1,47,40,200,158,26,95,48,64,9,3,275,382,7,1,3,4,-1,7,0.57,0,0,0,0,1,0,5,20,592,16.6,0
28,25241,2,1,1,0,1,1,47,40,200,158,26,95,48,64,9,3,275,382,11,1,1,2,0,17,0.18,0,0,0,0,0,0,8,12.5,654,17,100
23,25837,4,3,4,0,3,2,70,52,558,416,87,50,96,35,9,9,370,201,3,0,0,0,-2,2,0,0,0,0,0,0,0,1,0,762,16.3,43.3
12,14777,3,5,4,0,4,4,56,48,375,294,8,42,76,37,4,3,191,168,4,2,0,2,-1,0,0.5,0,0,0,0,0,0,6,33.3,732,16.3,0
12,14777,3,5,4,0,4,4,56,48,375,294,8,42,76,37,4,3,191,168,7,0,4,4,0,4,0.57,0,2,0,0,0,0,12,0,1019,24.6,0
12,14777,3,5,4,0,4,4,56,48,375,294,8,42,76,37,4,3,191,168,1,0,1,1,1,0,1,0,0,0,0,0,0,0,0,1128,23,0
22,22647,6,5,7,0,2,7,76,63,326,242,51,65,54,31,3,10,298,260,6,0,0,0,0,0,0,0,0,0,0,0,0,3,0,463,11.5,0
12,14777,3,5,4,0,4,4,56,48,375,294,8,42,76,37,4,3,191,168,27,0,7,7,3,16,0.26,0,3,0,0,0,0,24,0,801,19.6,0
22,22647,6,5,7,0,2,7,76,63,326,242,51,65,54,31,3,10,298,260,10,1,1,2,-1,4,0.2,0,0,0,0,0,0,7,14.3,543,13.8,0
12,14777,3,5,4,0,4,4,56,48,375,294,8,42,76,37,4,3,191,168,27,0,7,7,3,16,0.26,0,3,0,0,0,0,24,0,801,19.6,0
22,22647,6,5,7,0,2,7,76,63,326,242,51,65,54,31,3,10,298,260,10,1,1,2,-1,4,0.2,0,0,0,0,0,0,7,14.3,543,13.8,0
9,9194,1,4,0,0,3,0,15,15,130,103,22,12,18,9,1,1,103,120,1,0,0,0,0,0,0,0,0,0,0,0,0,1,0,664,15,0
9,9194,1,4,0,0,3,0,15,15,130,103,22,12,18,9,1,1,103,120,6,1,2,3,3,4,0.5,0,0,0,0,0,0,7,14.3,865,18.5,40
9,9194,1,4,0,0,3,0,15,15,130,103,22,12,18,9,1,1,103,120,78,10,16,26,-3,50,0.33,1,2,0,0,3,0,98,10.2,777,17.8,33.5
9,9194,1,4,0,0,3,0,15,15,130,103,22,12,18,9,1,1,103,120,6,0,1,1,0,0,0.17,0,0,0,0,0,0,2,0,622,13.7,40
19,21607,4,4,2,0,3,1,97,76,434,367,8,43,58,64,3,3,348,290,18,0,2,2,-2,8,0.11,0,0,0,0,0,0,9,0,779,17.2,0
9,9194,1,4,0,0,3,0,15,15,130,103,22,12,18,9,1,1,103,120,27,1,1,2,-11,4,0.07,0,0,0,0,1,0,22,4.5,668,15.2,45.4
9,9194,1,4,0,0,3,0,15,15,130,103,22,12,18,9,1,1,103,120,3,0,0,0,0,2,0,0,0,0,0,0,0,0,0,524,14,33.3
19,21607,4,4,2,0,3,1,97,76,434,367,8,43,58,64,3,3,348,290,31,0,5,5,4,14,0.16,0,2,0,0,0,0,21,0,941,19.6,0
9,9194,1,4,0,0,3,0,15,15,130,103,22,12,18,9,1,1,103,120,13,2,0,2,-3,2,0.15,0,0,0,0,1,0,24,8.3,815,18.5,30
19,21607,4,4,2,0,3,1,97,76,434,367,8,43,58,64,3,3,348,290,2,0,0,0,2,2,0,0,0,0,0,0,0,1,0,860,18.5,0
9,9194,1,4,0,0,3,0,15,15,130,103,22,12,18,9,1,1,103,120,37,2,6,8,0,4,0.22,0,0,0,0,0,0,42,4.8,705,16.2,36.7
19,21607,4,4,2,0,3,1,97,76,434,367,8,43,58,64,3,3,348,290,42,2,5,7,-7,14,0.17,1,5,0,0,0,0,36,5.6,913,19.3,0
29,39206,9,7,6,0,6,4,219,156,956,676,44,86,170,69,10,8,539,349,11,1,0,1,0,6,0.09,0,0,0,0,0,0,14,7.1,847,18.6,0
29,39206,9,7,6,0,6,4,219,156,956,676,44,86,170,69,10,8,539,349,29,3,7,10,-9,8,0.34,1,4,0,0,0,0,42,7.1,1001,20.3,0
29,39206,9,7,6,0,6,4,219,156,956,676,44,86,170,69,10,8,539,349,6,0,1,1,-7,9,0.17,0,1,0,0,0,0,11,0,1008,21,0
29,39206,9,7,6,0,6,4,219,156,956,676,44,86,170,69,10,8,539,349,7,1,0,1,-6,6,0.14,0,0,0,0,0,0,11,9.1,905,22.7,0
22,18719,3,3,2,0,1,2,57,33,267,200,37,32,53,8,10,5,265,135,6,0,2,2,0,4,0.33,0,0,0,0,0,0,12,0,950,21.5,0
28,31163,10,5,4,0,4,4,105,88,539,419,56,90,63,54,4,8,479,318,11,1,2,3,-1,9,0.27,0,0,0,0,0,0,8,12.5,722,16.7,0
28,31163,10,5,4,0,4,4,105,88,539,419,56,90,63,54,4,8,479,318,8,0,1,1,-4,0,0.13,0,1,0,0,0,0,6,0,273,6.6,0
28,31163,10,5,4,0,4,4,105,88,539,419,56,90,63,54,4,8,479,318,60,9,13,22,-14,67,0.37,2,5,1,1,1,0,101,8.9,865,20.2,30
28,31163,10,5,4,0,4,4,105,88,539,419,56,90,63,54,4,8,479,318,76,8,14,22,-8,100,0.29,0,0,0,1,1,0,74,10.8,775,19.1,36.7
28,31163,10,5,4,0,4,4,105,88,539,419,56,90,63,54,4,8,479,318,76,7,15,22,-2,73,0.29,0,0,0,1,0,0,90,7.8,694,16.9,29
28,31163,10,5,4,0,4,4,105,88,539,419,56,90,63,54,4,8,479,318,12,3,1,4,-1,6,0.33,0,0,0,0,1,1,24,12.5,814,19.2,0
28,31163,10,5,4,0,4,4,105,88,539,419,56,90,63,54,4,8,479,318,67,7,6,13,-3,113,0.19,0,0,3,3,1,0,98,7.1,676,15.5,28.6
13,8708,5,3,2,0,3,1,19,20,132,88,16,18,8,20,7,4,122,104,1,0,0,0,0,17,0,0,0,0,0,0,0,0,0,276,9,0
28,31163,10,5,4,0,4,4,105,88,539,419,56,90,63,54,4,8,479,318,4,0,1,1,-1,4,0.25,0,0,0,0,0,0,5,0,841,17.8,0
28,31163,10,5,4,0,4,4,105,88,539,419,56,90,63,54,4,8,479,318,78,8,14,22,-1,106,0.28,0,0,1,2,0,0,121,6.6,848,17.8,31.3
28,31163,10,5,4,0,4,4,105,88,539,419,56,90,63,54,4,8,479,318,82,8,13,21,4,106,0.26,0,0,2,3,0,0,103,7.8,751,17.5,47.6
13,8708,5,3,2,0,3,1,19,20,132,88,16,18,8,20,7,4,122,104,3,0,0,0,0,7,0,0,0,0,0,0,0,0,0,333,7.7,0
28,31163,10,5,4,0,4,4,105,88,539,419,56,90,63,54,4,8,479,318,76,8,10,18,-4,74,0.24,2,3,0,0,0,0,79,10.1,740,17.2,26.9
13,8708,5,3,2,0,3,1,19,20,132,88,16,18,8,20,7,4,122,104,9,2,2,4,-4,40,0.44,1,2,0,0,0,0,7,28.6,571,14,100
28,31163,10,5,4,0,4,4,105,88,539,419,56,90,63,54,4,8,479,318,81,4,8,12,-15,57,0.15,1,1,1,1,1,0,91,4.4,739,16.6,29.8
13,8708,5,3,2,0,3,1,19,20,132,88,16,18,8,20,7,4,122,104,14,0,1,1,-3,83,0.07,0,0,0,0,0,0,4,0,413,10.6,50
13,8708,5,3,2,0,3,1,19,20,132,88,16,18,8,20,7,4,122,104,1,0,0,0,0,2,0,0,0,0,0,0,0,0,0,351,11,0
28,31163,10,5,4,0,4,4,105,88,539,419,56,90,63,54,4,8,479,318,15,1,0,1,0,18,0.07,0,0,0,0,0,0,13,7.7,545,14,60
13,8708,5,3,2,0,3,1,19,20,132,88,16,18,8,20,7,4,122,104,30,3,0,3,-2,65,0.1,0,0,0,0,1,0,14,21.4,385,9.8,50
13,8708,5,3,2,0,3,1,19,20,132,88,16,18,8,20,7,4,122,104,77,5,4,9,-14,213,0.12,1,1,0,0,0,0,31,16.1,387,9.9,27.3
13,8708,5,3,2,0,3,1,19,20,132,88,16,18,8,20,7,4,122,104,3,0,1,1,1,7,0.33,0,0,0,0,0,0,1,0,374,9.7,0
13,8708,5,3,2,0,3,1,19,20,132,88,16,18,8,20,7,4,122,104,4,0,1,1,1,19,0.25,0,0,0,0,0,0,1,0,347,8.5,0
13,8708,5,3,2,0,3,1,19,20,132,88,16,18,8,20,7,4,122,104,13,0,2,2,0,48,0.15,0,0,0,0,0,0,3,0,331,9.7,0
13,8708,5,3,2,0,3,1,19,20,132,88,16,18,8,20,7,4,122,104,13,0,2,2,0,48,0.15,0,0,0,0,0,0,3,0,331,9.7,0
31,41008,4,3,4,0,2,2,118,98,724,552,16,131,135,115,10,4,471,510,3,0,1,1,-1,0,0.33,0,0,0,1,0,0,0,0,785,17.7,0
31,41008,4,3,4,0,2,2,118,98,724,552,16,131,135,115,10,4,471,510,1,0,1,1,1,0,1,0,0,0,0,0,0,0,0,788,19,0
31,41008,4,3,4,0,2,2,118,98,724,552,16,131,135,115,10,4,471,510,1,0,1,1,1,0,1,0,0,0,0,0,0,0,0,788,19,0
3,3087,0,0,0,0,0,0,4,0,8,0,0,0,0,0,0,0,37,38,8,0,1,1,-1,10,0.13,0,0,0,0,0,0,3,0,272,7,0
3,3087,0,0,0,0,0,0,4,0,8,0,0,0,0,0,0,0,37,38,3,0,0,0,-1,9,0,0,0,0,0,0,0,2,0,434,11.3,0
4,5491,0,1,0,0,1,0,30,11,139,65,5,12,17,12,2,1,42,40,71,3,21,24,-16,25,0.34,1,8,0,0,0,0,125,2.4,1198,24.2,0
4,5491,0,1,0,0,1,0,30,11,139,65,5,12,17,12,2,1,42,40,71,3,21,24,-16,25,0.34,1,8,0,0,0,0,125,2.4,1198,24.2,0
1,767,1,0,0,0,0,0,2,3,11,11,0,0,1,1,0,0,19,6,18,3,2,5,0,19,0.28,0,0,0,0,1,0,33,9.1,763,15.7,0
1,767,1,0,0,0,0,0,2,3,11,11,0,0,1,1,0,0,19,6,18,4,1,5,-1,4,0.28,0,0,0,0,0,0,16,25,670,15.3,0
1,767,1,0,0,0,0,0,2,3,11,11,0,0,1,1,0,0,19,6,51,2,5,7,0,21,0.14,0,0,0,0,0,0,60,3.3,606,14.5,50
1,767,1,0,0,0,0,0,2,3,11,11,0,0,1,1,0,0,19,6,2,0,0,0,0,0,0,0,0,0,0,0,0,1,0,512,12,0
25,16406,0,2,2,0,2,2,32,24,118,103,28,47,38,22,5,4,157,271,27,6,0,6,-2,47,0.22,0,0,0,0,1,0,18,33.3,418,10.2,0
23,27449,1,1,2,0,1,2,61,43,360,299,10,87,72,75,3,2,261,432,30,0,3,3,8,39,0.1,0,0,0,0,0,0,21,0,806,19.7,0
23,27449,1,1,2,0,1,2,61,43,360,299,10,87,72,75,3,2,261,432,8,0,2,2,3,4,0.25,0,0,0,0,0,0,7,0,842,19.9,0
23,27449,1,1,2,0,1,2,61,43,360,299,10,87,72,75,3,2,261,432,29,0,1,1,-10,39,0.03,0,0,0,0,0,0,28,0,728,17.5,0
23,27449,1,1,2,0,1,2,61,43,360,299,10,87,72,75,3,2,261,432,2,0,1,1,2,0,0.5,0,0,0,0,0,0,0,0,810,20,0
23,27449,1,1,2,0,1,2,61,43,360,299,10,87,72,75,3,2,261,432,15,1,2,3,1,5,0.2,0,0,0,0,0,0,14,7.1,860,18.9,0
23,27449,1,1,2,0,1,2,61,43,360,299,10,87,72,75,3,2,261,432,38,0,4,4,-13,40,0.11,0,0,0,0,0,0,42,0,1137,23.7,0
23,27449,1,1,2,0,1,2,61,43,360,299,10,87,72,75,3,2,261,432,18,0,2,2,-2,28,0.11,0,0,0,0,0,0,7,0,1039,19.8,0
23,27449,1,1,2,0,1,2,61,43,360,299,10,87,72,75,3,2,261,432,46,0,5,5,-30,44,0.11,0,0,0,1,0,0,38,0,1139,24.7,0
23,27449,1,1,2,0,1,2,61,43,360,299,10,87,72,75,3,2,261,432,2,0,0,0,1,0,0,0,0,0,0,0,0,0,0,453,10.5,0
26,31744,3,1,1,0,0,1,117,70,613,409,8,70,78,52,13,7,320,311,7,0,0,0,0,4,0,0,0,0,0,0,0,6,0,794,19.4,0
5,4579,0,1,1,0,1,1,10,6,51,36,11,5,7,2,0,2,58,63,41,5,3,8,-1,21,0.2,0,0,0,0,1,0,50,10,540,14.2,50
5,4579,0,1,1,0,1,1,10,6,51,36,11,5,7,2,0,2,58,63,41,5,3,8,-1,21,0.2,0,0,0,0,1,0,50,10,540,14.2,50
29,32936,10,5,5,0,3,2,108,76,544,413,90,54,71,27,9,11,419,305,2,0,1,1,1,2,0.5,0,0,0,0,0,0,0,0,439,10.5,0
29,32936,10,5,5,0,3,2,108,76,544,413,90,54,71,27,9,11,419,305,20,6,2,8,-1,8,0.4,0,0,1,1,1,1,30,20,922,21.1,36.8
29,32936,10,5,5,0,3,2,108,76,544,413,90,54,71,27,9,11,419,305,20,6,2,8,-1,8,0.4,0,0,1,1,1,1,30,20,922,21.1,36.8
6,7529,0,0,2,0,0,1,42,25,199,137,6,12,33,13,0,1,103,81,25,2,2,4,1,2,0.16,0,1,0,0,0,0,54,3.7,936,20.2,0
6,7529,0,0,2,0,0,1,42,25,199,137,6,12,33,13,0,1,103,81,25,2,2,4,1,2,0.16,0,1,0,0,0,0,54,3.7,936,20.2,0
19,13811,5,2,0,0,2,0,32,36,138,128,25,55,33,26,7,3,160,192,2,0,0,0,-1,12,0,0,0,0,0,0,0,0,0,173,5.5,0
19,13811,5,2,0,0,2,0,32,36,138,128,25,55,33,26,7,3,160,192,5,0,0,0,-2,48,0,0,0,0,0,0,0,2,0,341,9.4,0
19,13811,5,2,0,0,2,0,32,36,138,128,25,55,33,26,7,3,160,192,66,2,7,9,-1,232,0.14,0,0,0,0,0,0,54,3.7,448,11.1,66.7
19,13811,5,2,0,0,2,0,32,36,138,128,25,55,33,26,7,3,160,192,32,3,2,5,-7,85,0.16,0,0,0,0,0,0,15,20,502,12,50
19,13811,5,2,0,0,2,0,32,36,138,128,25,55,33,26,7,3,160,192,7,0,0,0,-2,4,0,0,0,0,0,0,0,7,0,411,10,0
19,13811,5,2,0,0,2,0,32,36,138,128,25,55,33,26,7,3,160,192,67,2,2,4,-13,153,0.06,0,0,0,0,1,0,54,3.7,461,11.2,66.7
19,13811,5,2,0,0,2,0,32,36,138,128,25,55,33,26,7,3,160,192,58,1,5,6,-9,102,0.1,0,0,0,0,0,0,45,2.2,535,13.2,33.3
19,13811,5,2,0,0,2,0,32,36,138,128,25,55,33,26,7,3,160,192,52,1,2,3,-5,83,0.06,0,0,0,0,0,0,38,2.6,497,11.9,0
2,2932,0,0,0,0,0,0,9,8,48,42,2,14,18,11,0,0,30,49,8,1,3,4,0,12,0.5,0,1,1,1,0,0,13,7.7,1174,23.5,0
2,2932,0,0,0,0,0,0,9,8,48,42,2,14,18,11,0,0,30,49,10,1,2,3,1,0,0.3,0,0,0,0,0,0,10,10,920,18.9,0
28,22132,6,1,3,0,0,1,48,32,251,162,13,47,28,35,6,5,174,222,20,0,0,0,-4,12,0,0,0,0,0,0,0,14,0,647,14,37.8
2,2932,0,0,0,0,0,0,9,8,48,42,2,14,18,11,0,0,30,49,59,5,15,20,-1,24,0.34,1,6,0,0,1,0,93,5.4,1028,22.1,0
28,22132,6,1,3,0,0,1,48,32,251,162,13,47,28,35,6,5,174,222,63,1,3,4,-5,84,0.06,0,0,0,0,0,0,43,2.3,502,12,49.5
2,2932,0,0,0,0,0,0,9,8,48,42,2,14,18,11,0,0,30,49,37,2,4,6,5,10,0.16,1,1,0,0,0,0,22,9.1,706,16.9,0
28,22132,6,1,3,0,0,1,48,32,251,162,13,47,28,35,6,5,174,222,10,1,0,1,0,2,0.1,0,0,0,0,0,0,13,7.7,596,14,42.9
17,16665,7,1,2,0,1,0,63,34,263,159,41,33,53,19,6,6,137,146,4,0,0,0,0,0,0,0,0,0,0,0,0,6,0,655,16.8,100
2,2932,0,0,0,0,0,0,9,8,48,42,2,14,18,11,0,0,30,49,16,0,5,5,6,2,0.31,0,0,0,0,0,0,12,0,738,16.3,0
17,16665,7,1,2,0,1,0,63,34,263,159,41,33,53,19,6,6,137,146,39,4,4,8,2,10,0.21,0,0,0,0,2,0,36,11.1,650,15.4,43.6
17,16665,7,1,2,0,1,0,63,34,263,159,41,33,53,19,6,6,137,146,4,0,0,0,0,0,0,0,0,0,0,0,0,6,0,655,16.8,100
2,2932,0,0,0,0,0,0,9,8,48,42,2,14,18,11,0,0,30,49,16,0,5,5,6,2,0.31,0,0,0,0,0,0,12,0,738,16.3,0
17,16665,7,1,2,0,1,0,63,34,263,159,41,33,53,19,6,6,137,146,39,4,4,8,2,10,0.21,0,0,0,0,2,0,36,11.1,650,15.4,43.6
13,5411,1,0,1,0,0,1,13,9,38,34,8,17,8,8,4,2,57,60,29,1,0,1,-7,105,0.03,0,0,0,0,0,0,17,5.9,429,10.3,100
13,5411,1,0,1,0,0,1,13,9,38,34,8,17,8,8,4,2,57,60,66,3,9,12,3,201,0.18,0,0,0,0,0,0,38,7.9,490,11.7,42.9
13,5411,1,0,1,0,0,1,13,9,38,34,8,17,8,8,4,2,57,60,52,6,5,11,-3,181,0.21,0,0,0,0,0,0,23,26.1,437,10.8,63.6
13,5411,1,0,1,0,0,1,13,9,38,34,8,17,8,8,4,2,57,60,77,4,9,13,3,155,0.17,1,1,0,0,1,0,46,8.7,557,12.7,47.5
13,5411,1,0,1,0,0,1,13,9,38,34,8,17,8,8,4,2,57,60,32,0,4,4,-2,76,0.13,0,0,0,0,0,0,16,0,425,10,42.4
13,5411,1,0,1,0,0,1,13,9,38,34,8,17,8,8,4,2,57,60,1,0,0,0,0,7,0,0,0,0,0,0,0,1,0,293,11,0
