AHL_playerID,NHL_playerId,PlayerName,Position,norm(GP),norm(G),norm(A),norm(P),norm(PlusMinus),norm(PIM),norm(PointPerGame),norm(PPG),norm(PPP),norm(SHG),norm(SHP),norm(GWG),norm(OTG),norm(S),norm(ShootingPercentage),norm(NHL_TOIPerGame_sec),norm(ShiftsPerGame),norm(FaceoffWinPercentage),AHL_GP,AHL_total_TOI,AHL_goals,AHL_shots
145,8474604,"Aaron Ness",D,0.04830917874396135,0.004464285714285714,0.016129032258064516,0.01059322033898305,0.5833333333333334,0.009688581314878892,0.03868471953578337,0,0,0,0,0,0,0.019514767932489453,0.013283904850169908,0.17654044671812907,0.1761175496688742,0,24,32795,2,94
260,8477454,"Adam Erne",L,0.06159420289855073,0.026785714285714284,0,0.012711864406779662,0.5,0.01522491349480969,0.02321083172147002,0,0,0,0,0,0,0.04219409282700422,0.04633920296570898,0.050015986845110307,0.053807947019867554,0,23,23619,5,86
114,8476917,"Adam Pelech",D,0.11594202898550725,0.026785714285714284,0.06451612903225806,0.046610169491525424,0.5833333333333334,0.008304498269896194,0.06576402321083173,0,0,0,0,0,0,0.046413502109704644,0.04633920296570898,0.1257479559676609,0.10865066225165565,0,6,7667,1,21
75,8474005,"Alex Grant",D,0.007246376811594203,0.008928571428571428,0,0.00423728813559322,0.7261904761904762,0.006228373702422145,0.09671179883945842,0,0,0,0,0,0,0.0031645569620253164,0.3089280197713932,0.054949070479148585,0.061051324503311265,0,29,32239,5,173
352,8473415,"Alex Biega",D,0.15579710144927536,0.004464285714285714,0.05241935483870968,0.029661016949152543,0.4642857142857143,0.04013840830449827,0.04255319148936171,0,0,0,0,0.02857142857142857,0,0.07489451476793249,0.04417670682730923,0.1466678847120084,0.16452814569536425,0,1,1365,0,2
491,8479423,"Alexander Nylander",R,0.008454106280193236,0,0.008064516129032258,0.00423728813559322,0.6666666666666666,0,0.04835589941972921,0,0,0,0,0,0,0.004219409282700422,0,0.0528479422646508,0.04759933774834438,0,23,21909,4,60
370,8476414,"Alexandre Grenier",R,0.013285024154589372,0,0,0,0.6428571428571429,0.001384083044982699,0,0,0,0,0,0,0,0.0058016877637130804,0,0.05229982186086877,0.05711920529801324,0.23255813953488377,26,26050,9,109
435,8477971,"Andreas Englund",D,0.010869565217391304,0,0,0,0.6428571428571429,0.002768166089965398,0,0,0,0,0,0,0,0.0031645569620253164,0,0.043529895400356275,0.053807947019867554,0,21,20479,2,35
394,8474638,"Andrew Campbell",D,0.049516908212560384,0,0.008064516129032258,0.00423728813559322,0.5595238095238095,0.008304498269896194,0.019342359767891684,0,0,0,0,0,0,0.01740506329113924,0,0.09989494358927511,0.12520695364238413,0,26,27589,0,70
283,8474748,"Andrew MacWilliam",D,0.013285024154589372,0,0.008064516129032258,0.00423728813559322,0.6428571428571429,0.008304498269896194,0.016441005802707933,0,0,0,0,0,0,0.0026371308016877636,0,0.02754305029004705,0.025248344370860928,0,25,26920,0,54
357,8476388,"Andrey Pedan",D,0.014492753623188406,0,0,0,0.6785714285714286,0.01245674740484429,0,0,0,0,0,0,0,0.0058016877637130804,0,0.015347371305896862,0.018211920529801327,0,17,20119,0,67
60,8476206,"Andy Miele",C,0.016908212560386472,0,0.008064516129032258,0.00423728813559322,0.7380952380952381,0.007612456747404845,0.028046421663442938,0,0,0,0,0,0,0.005274261603375527,0,0.06020189101539305,0.06477649006622517,0.11851162790697678,20,18862,3,61
81,8477320,"Anton Blidh",L,0.04468599033816425,0.008928571428571428,0.008064516129032258,0.00847457627118644,0.6666666666666666,0.009688581314878892,0.02127659574468085,0,0,0,0,0,0,0.027426160337552744,0.023478529502625883,0.03338966793038871,0.03518211920529802,0,16,14827,3,45
84,8478512,"Austin Czarnik",C,0.11714975845410629,0.044642857142857144,0.06451612903225806,0.05508474576271186,0.47619047619047616,0.01660899653979239,0.05222437137330755,0,0.045112781954887216,0,0,0.05714285714285714,0,0.06962025316455696,0.04695705900525177,0.05659343169049468,0.06043046357615896,0.07981395348837211,1,1225,0,4
124,8475603,"Ben Holmstrom",C,0.007246376811594203,0,0,0,0.7023809523809523,0.004844290657439446,0,0,0,0,0,0,0,0.0015822784810126582,0,0.02859361439729594,0.029801324503311258,0.0756279069767442,28,25569,4,48
437,8477433,"Ben Harpur",D,0.04106280193236715,0,0.020161290322580645,0.01059322033898305,0.6309523809523809,0.006920415224913495,0.061895551257253385,0,0,0,0,0,0,0.013185654008438819,0,0.22153199652857078,0.2359271523178808,0,24,30195,1,79
306,8476526,"Ben Thomson",L,0.006038647342995169,0,0,0,0.6190476190476191,0.005536332179930796,0,0,0,0,0,0,0,0.007383966244725738,0,0.04499154981044169,0.0484271523178808,0,29,19544,3,84
291,8476399,"Blake Coleman",C,0.05434782608695652,0.008928571428571428,0.008064516129032258,0.00847457627118644,0.5476190476190477,0.03737024221453287,0.017408123791102514,0,0,0,0,0,0,0.03059071729957806,0.021007105344454737,0.05567989768419129,0.055049668874172196,0.07906976744186048,23,20135,8,67
300,8476370,"Blake Pietila",L,0.03140096618357488,0.004464285714285714,0.012096774193548387,0.00847457627118644,0.5952380952380952,0.006920415224913495,0.047388781431334626,0,0,0,0,0,0,0.014767932489451477,0.030892801977139322,0.08975471611930753,0.08795529801324505,0.09506976744186049,25,27709,10,80
332,8476769,"Bobby Farnham",R,0.08333333333333333,0.03571428571428571,0.008064516129032258,0.0211864406779661,0.6904761904761905,0.10726643598615918,0.0183752417794971,0,0,0,0,0,0,0.03375527426160337,0.049428483163422916,0.07577764582286575,0.0929221854304636,0.23255813953488377,25,20973,2,65
380,8477916,"Borna Rendulic",R,0.018115942028985508,0.004464285714285714,0.004032258064516129,0.00423728813559322,0.7023809523809523,0.004152249134948097,0.017408123791102514,0,0,0,0,0,0,0.004746835443037975,0.051590979301822666,0.05828346960215594,0.06312086092715233,0,25,17671,1,37
53,8470159,"Boyd Gordon",C,0.9299516908212561,0.25892857142857145,0.4475806451612903,0.3580508474576271,0.2976190476190476,0.11557093425605536,0.33365570599613154,0.03333333333333333,0.05263157894736842,1,1,0.2,0,0.46782700421940926,0.3339511893728761,0.6624948613712145,0.759726821192053,1,2,1258,0,2
129,8471996,"Bracken Kearns",C,0.051932367149758456,0.013392857142857142,0.012096774193548387,0.012711864406779662,0.6666666666666666,0.017993079584775088,0.06769825918762089,0.016666666666666666,0.007518796992481203,0,0.045454545454545456,0,0,0.024789029535864978,0.02502316960148285,0.20001827068012606,0.21647350993377484,0.25730232558139543,28,30919,14,81
157,8474089,"Brad Malone",C,0.21859903381642512,0.05803571428571429,0.06854838709677419,0.0635593220338983,0.35714285714285715,0.1314878892733564,0.08413926499032882,0,0,0,0,0.05714285714285714,0,0.06962025316455696,0.1424158171146123,0.12551957246608506,0.14569536423841062,0.26734883720930236,32,28320,3,62
464,8477041,"Brady Austin",D,0.010869565217391304,0,0,0,0.7142857142857143,0.005536332179930796,0,0,0,0,0,0,0,0.008438818565400843,0,0.07349381080710729,0.08774834437086093,0,26,30788,0,61
279,8475759,"Brandon Gormley",D,0.06884057971014493,0.008928571428571428,0.012096774193548387,0.01059322033898305,0.6428571428571429,0.01384083044982699,0.0183752417794971,0.016666666666666666,0.007518796992481203,0,0,0,0,0.028481012658227847,0.015755329008341052,0.10048874069337231,0.11113410596026492,0,18,20964,0,52
417,8476894,"Brendan Leipsic",L,0.006038647342995169,0.004464285714285714,0.008064516129032258,0.006355932203389831,0.7023809523809523,0.001384083044982699,0.04835589941972921,0,0.007518796992481203,0,0,0.02857142857142857,0,0.0058016877637130804,0.028112449799196783,0.0243456812679852,0.026903973509933777,0.062046511627906996,20,23282,6,121
178,8474698,"Brent Regner",D,0.007246376811594203,0,0,0,0.6904761904761905,0.002768166089965398,0,0,0,0,0,0,0,0.003691983122362869,0,0.017083085917873293,0.016556291390728478,0,17,22996,1,80
318,8478004,"Brett Lernout",D,0.004830917874396135,0,0,0,0.6904761904761905,0,0,0,0,0,0,0,0,0.0031645569620253164,0,0.10720321563970218,0.0931291390728477,0,30,37064,1,90
293,8476207,"Brian Gibbons",C,0.08816425120772947,0.03125,0.07258064516129033,0.05296610169491525,0.8214285714285714,0.011072664359861591,0.09574468085106383,0.016666666666666666,0.015037593984962405,0.1,0.13636363636363635,0,0,0.03217299578059072,0.1093605189990732,0.08495866258621478,0.09581953642384107,0.07934883720930234,26,26234,7,80
205,8475980,"Brody Sutter",C,0.013285024154589372,0,0,0,0.6428571428571429,0,0,0,0,0,0,0,0,0.003691983122362869,0,0.0302836523089572,0.03394039735099338,0.11088372093023259,13,12968,2,36
416,8469639,"Brooks Laich",C,1,0.6428571428571429,0.8830645161290323,0.7690677966101694,0.5714285714285714,0.22629757785467128,0.7833655705996133,0.7333333333333333,0.706766917293233,1,0.8181818181818182,0.7142857142857143,1,0.8364978902953587,0.44825455668829145,0.7851368017174439,0.8036009933774836,0.8358139534883723,10,8561,0,23
456,8477210,"Buddy Robinson",R,0.012077294685990338,0.004464285714285714,0.004032258064516129,0.00423728813559322,0.7380952380952381,0.005536332179930796,0.06479690522243714,0,0,0,0,0.02857142857142857,0,0.006856540084388186,0.061785603954278644,0.0469099712236788,0.06332781456953644,0,18,16268,3,53
410,8475278,"Byron Froese",C,0.08091787439613526,0.008928571428571428,0.012096774193548387,0.01059322033898305,0.5119047619047619,0.017993079584775088,0.008704061895551257,0,0,0,0,0,0,0.04008438818565401,0.00957676861291319,0.07774174393641803,0.0900248344370861,0.1312558139534884,25,29848,11,108
7,8474611,"Cameron Gaunce",D,0.051932367149758456,0.013392857142857142,0.024193548387096774,0.019067796610169493,0.7142857142857143,0.033910034602076124,0.0725338491295938,0,0,0,0,0,0,0.01529535864978903,0.1544640098856966,0.12670716667427945,0.13451986754966888,0,28,31599,1,106
290,8476211,"Carter Camper",C,0.0024154589371980675,0.004464285714285714,0,0.00211864406779661,0.7261904761904762,0,0.03191489361702128,0,0,0,0,0,0,0.0005274261603375527,0.3089280197713932,0.0036998127255287077,0.004759933774834439,0.03990697674418606,10,9856,2,30
365,8474844,"Carter Bancks",L,0.0012077294685990338,0,0,0,0.7142857142857143,0,0,0,0,0,0,0,0,0,0,0.02557895217649477,0.024834437086092717,0,23,25649,3,51
31,8477240,"Carter Rowney",R,0.11231884057971014,0.026785714285714284,0.056451612903225805,0.0423728813559322,0.8333333333333334,0.011072664359861591,0.0793036750483559,0,0,0,0,0.05714285714285714,0,0.04852320675105485,0.0772320049428483,0.11277577307815284,0.1312086092715232,0.18418604651162795,14,15795,4,44
443,8478376,"Casey Bailey",R,0.022946859903381644,0.004464285714285714,0,0.00211864406779661,0.7023809523809523,0.001384083044982699,0.016441005802707933,0,0,0,0,0,0,0.01529535864978903,0.034291010194624647,0.05385282967158452,0.054221854304635775,0,24,27482,7,112
473,8479268,"Casey Nelson",D,0.033816425120772944,0,0.016129032258064516,0.00847457627118644,0.6547619047619048,0.011072664359861591,0.05512572533849129,0,0.015037593984962405,0,0,0,0,0.013185654008438819,0,0.095007536655552,0.11278973509933776,0,17,20662,4,75
353,8476827,"Chad Billins",D,0.010869565217391304,0,0.012096774193548387,0.006355932203389831,0.6785714285714286,0,0.029013539651837523,0,0,0,0,0,0,0.0015822784810126582,0,0.018773123829534555,0.02007450331125828,0,26,31867,1,95
14,8477244,"Chad Ruhwedel",D,0.13526570048309178,0.017857142857142856,0.07258064516129033,0.046610169491525424,0.8571428571428571,0.019377162629757784,0.08510638297872339,0,0.05263157894736842,0,0,0,0,0.08438818565400844,0.027185665739882604,0.32206641392225827,0.3352649006622516,0,17,23509,2,134
163,8476905,"Chandler Stephenson",C,0.01932367149758454,0,0,0,0.6785714285714286,0.001384083044982699,0,0,0,0,0,0,0,0.004219409282700422,0,0.05545151418261545,0.05318708609271525,0.14000000000000004,30,31300,6,40
336,8476948,"Charles Hudon",L,0.00966183574879227,0,0.024193548387096774,0.012711864406779662,0.7619047619047619,0.002768166089965398,0.19439071566731145,0,0,0,0,0,0,0.004746835443037975,0,0.07993422555154615,0.08133278145695365,0,15,15161,6,63
51,8472368,"Chris Conner",R,0.22705314009661837,0.10267857142857142,0.11290322580645161,0.10805084745762712,0.7023809523809523,0.02629757785467128,0.23597678916827858,0,0.007518796992481203,0,0,0.14285714285714285,0,0.1239451476793249,0.31726907630522083,0.32992280637646737,0.32843543046357626,0.2093023255813954,29,28749,6,52
151,8471246,"Chris Bourque",L,0.06038647342995169,0.008928571428571428,0.024193548387096774,0.01694915254237288,0.5714285714285714,0.01245674740484429,0.047388781431334626,0,0.03759398496240601,0,0,0.02857142857142857,0,0.03164556962025317,0.0410874266295953,0.09519024345681268,0.09126655629139073,0,33,35495,9,194
94,8470871,"Chris Porter",L,0.30676328502415456,0.08035714285714286,0.08870967741935484,0.0847457627118644,0.5952380952380952,0.02698961937716263,0.2253384912959381,0,0,0,0,0.14285714285714285,0,0.1529535864978903,0.27741736175471116,0.29310738592244096,0.34726821192052987,0.30158139534883727,23,20138,2,55
222,8473589,"Chris Summers",D,0.08333333333333333,0.008928571428571428,0.028225806451612902,0.019067796610169493,0.42857142857142855,0.03529411764705882,0.04448742746615088,0,0,0,0,0,0,0.027426160337552744,0.0364535063330244,0.21417804777782853,0.23799668874172186,0,27,30655,3,46
224,8475161,"Chris Brown",R,0.026570048309178744,0.008928571428571428,0.004032258064516129,0.006355932203389831,0.7261904761904762,0.01453287197231834,0.035783365570599614,0,0,0,0,0,0,0.010021097046413503,0.11584800741427245,0.06878911067464487,0.07098509933774835,0.06586046511627908,22,20786,9,61
71,8475648,"Chris Breen",D,0.00966183574879227,0,0.008064516129032258,0.00423728813559322,0.7261904761904762,0.0034602076124567475,0.02127659574468085,0,0,0,0,0,0,0.002109704641350211,0,0.011053761476270954,0.015314569536423845,0,10,11965,0,20
344,8474052,"Chris Terry",L,0.19927536231884058,0.10714285714285714,0.07258064516129033,0.08898305084745763,0.4523809523809524,0.02629757785467128,0.15667311411992263,0.05,0.045112781954887216,0,0,0.02857142857142857,0,0.10179324894514769,0.47080630213160335,0.1646188279358699,0.17756622516556295,0.24706976744186054,16,17949,7,82
164,8475749,"Christian Thomas",L,0.03140096618357488,0.004464285714285714,0.008064516129032258,0.006355932203389831,0.6904761904761905,0.006228373702422145,0.037717601547388784,0,0,0,0,0,0,0.020042194092827006,0.011739264751312942,0.08938930251678619,0.09561258278145697,0,30,22818,12,123
373,8477832,"Cody Kunyk",R,0,0,0,0,0.7142857142857143,0,0,0,0,0,0,0,0,0.0010548523206751054,0,0.013291919791714247,0.01448675496688742,0.0186046511627907,18,14770,3,32
358,8474606,"Colby Robak",D,0.05555555555555555,0,0.016129032258064516,0.00847457627118644,0.6904761904761905,0.01730103806228374,0.026112185686653775,0,0,0,0.045454545454545456,0,0,0.020569620253164556,0,0.1503676974375371,0.1576986754966888,0,21,29237,1,125
494,8476766,"Cole Schneider",L,0.010869565217391304,0,0.008064516129032258,0.00423728813559322,0.7619047619047619,0,0.04835589941972921,0,0,0,0,0,0,0.008966244725738396,0,0.05901429680719865,0.06125827814569538,0,24,27923,6,70
412,8471862,"Colin Greening",C,0.3647342995169082,0.21428571428571427,0.23790322580645162,0.2266949152542373,0.4880952380952381,0.10519031141868512,0.258220502901354,0.15,0.12781954887218044,0,0,0.17142857142857143,0.25,0.29483122362869196,0.19864071671300584,0.29484310053441737,0.3112582781456954,0.4296744186046512,25,23075,3,64
424,8476536,"Colin Smith",C,0,0,0,0,0.7142857142857143,0,0,0,0,0,0,0,0,0.0005274261603375527,0,0.0020554515141826156,0.0020695364238410598,0.0372093023255814,24,22789,2,86
59,8470644,"Colin McDonald",R,0.19444444444444445,0.10267857142857142,0.10887096774193548,0.1059322033898305,0.47619047619047616,0.05328719723183391,0.28433268858800775,0.016666666666666666,0.007518796992481203,0,0,0,0,0.13132911392405064,0.421068890948409,0.2816425341433335,0.3135347682119206,0.250139534883721,29,27939,12,92
128,8477881,"Connor Jones",C,0.008454106280193236,0,0,0,0.7380952380952381,0.002768166089965398,0,0,0,0,0,0,0,0.002109704641350211,0,0.05019869364637099,0.050910596026490076,0.11441860465116281,26,21062,4,50
55,8475260,"Corban Knight",C,0.033816425120772944,0.013392857142857142,0.020161290322580645,0.01694915254237288,0.7380952380952381,0.002768166089965398,0.047388781431334626,0,0,0,0,0,0,0.008966244725738396,0.13345690454124187,0.050975197551728864,0.0591887417218543,0.16725581395348843,25,21689,3,61
256,8476195,"Cory Conacher",C,0.20531400966183574,0.10714285714285714,0.1814516129032258,0.1461864406779661,0.7023809523809523,0.08512110726643599,0.21760154738878143,0.08333333333333333,0.06015037593984962,0,0,0.17142857142857143,0.25,0.12183544303797468,0.2273710225517454,0.19202484812497145,0.20653973509933773,0.2352558139534884,21,23563,5,95
237,8476922,"Cristoval Nieves",C,0.0012077294685990338,0,0,0,0.6904761904761905,0,0,0,0,0,0,0,0,0,0,0.04965057324258895,0.053807947019867554,0.055813953488372106,22,23345,3,43
450,8477508,"Curtis Lazar",C,0.27053140096618356,0.0625,0.11693548387096774,0.09110169491525423,0.5238095238095238,0.02906574394463668,0.0676982591876209,0.016666666666666666,0.015037593984962405,0.1,0.18181818181818182,0,0,0.12183544303797468,0.06734630831016372,0.1864522906865208,0.20840231788079475,0.344093023255814,8,8360,2,24
481,8476401,"Daniel Catenacci",C,0.012077294685990338,0,0,0,0.6904761904761905,0,0,0,0,0,0,0,0,0.003691983122362869,0,0.009272370163979355,0.007864238410596028,0.09302325581395351,24,23189,3,50
328,8477901,"Daniel Carr",L,0.10628019323671498,0.044642857142857144,0.06854838709677419,0.057203389830508475,0.8095238095238095,0.01384083044982699,0.08994197292069633,0.016666666666666666,0.007518796992481203,0,0,0.08571428571428572,0,0.0669831223628692,0.07537843682421994,0.07459005161467136,0.08505794701986756,0.12409302325581399,1,1243,1,4
88,8478046,"Danton Heinen",C,0.018115942028985508,0,0,0,0.6428571428571429,0.002768166089965398,0,0,0,0,0,0,0,0.007383966244725738,0,0.05787237929931942,0.050082781456953655,0,23,22993,5,71
364,8475423,"Darren Archibald",R,0.018115942028985508,0.004464285714285714,0.008064516129032258,0.006355932203389831,0.7261904761904762,0,0.0183752417794971,0,0,0,0,0,0,0.0058016877637130804,0.028112449799196783,0.006668798246014708,0.009105960264900664,0,27,28613,7,100
140,8476379,"Darren Dietz",D,0.014492753623188406,0.004464285714285714,0.016129032258064516,0.01059322033898305,0.7023809523809523,0.008996539792387544,0.0367504835589942,0,0,0,0,0,0,0.006856540084388186,0.02378745752239728,0.025167861873658246,0.02173013245033113,0,20,20530,3,49
326,8476304,"David Broll",L,0.004830917874396135,0,0.004032258064516129,0.00211864406779661,0.7261904761904762,0.0034602076124567475,0.019342359767891684,0,0,0,0,0,0,0.0015822784810126582,0,0.0077650390535787695,0.011175496688741723,0,27,16382,2,39
16,8474660,"David Warsofsky",D,0.05434782608695652,0.008928571428571428,0.020161290322580645,0.014830508474576272,0.5595238095238095,0.009688581314878892,0.09187620889748549,0.016666666666666666,0.015037593984962405,0,0,0,0,0.044831223628691984,0.03861600247142415,0.21143744575891837,0.21336920529801326,0,22,29057,6,154
197,8478843,"Denis Malgin",C,0.11231884057971014,0.05357142857142857,0.03225806451612903,0.0423728813559322,0.5952380952380952,0.011072664359861591,0.04061895551257253,0.06666666666666667,0.03007518796992481,0,0,0.05714285714285714,0.5,0.07067510548523206,0.05560704355885078,0.0469099712236788,0.04677152317880796,0.06772093023255815,4,4025,1,14
12,8476884,"Derrick Pouliot",D,0.09541062801932366,0.008928571428571428,0.04838709677419355,0.029661016949152543,0.5476190476190477,0.011072664359861591,0.051257253384912965,0.016666666666666666,0.03007518796992481,0,0,0.05714285714285714,0,0.056962025316455694,0.011121408711770156,0.19755172886310693,0.210885761589404,0,16,20329,1,86
33,8478866,"Dominik Simon",C,0.007246376811594203,0,0.012096774193548387,0.006355932203389831,0.6904761904761905,0,0.1286266924564797,0,0,0,0,0,0,0.0031645569620253164,0,0.07340245740647695,0.08754139072847683,0,25,23747,3,76
177,8475795,"Dylan McIlrath",D,0.11956521739130435,0.03571428571428571,0.016129032258064516,0.025423728813559324,0.7857142857142857,0.14948096885813147,0.08897485493230176,0,0,0,0,0,0,0.03691983122362869,0.45535990114303354,0.29950212396656467,0.36009933774834435,0,4,4144,1,9
118,8460720,"Eric Boulton",L,0.7934782608695652,0.13839285714285715,0.1935483870967742,0.1673728813559322,0.25,1,0.16150870406189557,0.016666666666666666,0.007518796992481203,0,0,0.05714285714285714,0,0.2389240506329114,0.318195860364535,0.27456264559448224,0.3168460264900663,0.24800000000000008,1,296,0,1
467,8475982,"Erik Burgdoerfer",D,0.0036231884057971015,0,0,0,0.6904761904761905,0,0,0,0,0,0,0,0,0.002109704641350211,0,0.046544557621157445,0.053807947019867554,0,23,29621,1,80
257,8473588,"Erik Condra",R,0.48792270531400966,0.1875,0.2620967741935484,0.2266949152542373,0.8690476190476191,0.1245674740484429,0.2649903288201161,0.03333333333333333,0.022556390977443608,0.4,0.45454545454545453,0.11428571428571428,0,0.2974683544303797,0.22767995057151683,0.3883433060795688,0.42301324503311266,0.4800000000000001,19,24027,3,66
354,8477091,"Evan McEneny",D,0.0012077294685990338,0,0,0,0.6904761904761905,0,0,0,0,0,0,0,0,0.0010548523206751054,0,0.06828666697117801,0.07864238410596028,0,18,22166,3,81
493,8478542,"Evan Rodrigues",L,0.07367149758454106,0.04017857142857143,0.020161290322580645,0.029661016949152543,0.5714285714285714,0.005536332179930796,0.13539651837524178,0.03333333333333333,0.015037593984962405,0,0,0,0,0.0580168776371308,0.0868087735557615,0.08833873840953729,0.0865066225165563,0.07739534883720932,24,25059,4,104
99,8478366,"Frank Vatrano",C,0.16666666666666666,0.13392857142857142,0.07661290322580645,0.1038135593220339,0.5833333333333334,0.03460207612456748,0.13926499032882012,0.13333333333333333,0.07518796992481203,0,0,0.08571428571428572,0.25,0.1819620253164557,0.16651220265678093,0.1537934499611748,0.1649420529801325,0.05320930232558141,2,2100,2,17
395,8476302,"Frank Corrado",D,0.09420289855072464,0.013392857142857142,0.020161290322580645,0.01694915254237288,0.4166666666666667,0.03183391003460208,0.030947775628626693,0,0.007518796992481203,0,0,0,0,0.04535864978902954,0.060858819894964465,0.24816151281231444,0.27297185430463583,0,3,3824,0,12
411,8477512,"Frederik Gauthier",C,0.057971014492753624,0.017857142857142856,0.012096774193548387,0.014830508474576272,0.7023809523809523,0.03183391003460208,0.04061895551257254,0,0,0,0.045454545454545456,0,0,0.01740506329113924,0.0821748532591906,0.07632576622664779,0.09416390728476824,0.1390697674418605,11,9494,1,21
433,8476368,"Fredrik Claesson",D,0.1316425120772947,0.026785714285714284,0.0967741935483871,0.0635593220338983,0.8333333333333334,0.01245674740484429,0.11702127659574468,0,0,0,0.09090909090909091,0,0,0.041666666666666664,0.07414272474513438,0.19138537432055908,0.20198675496688742,0,4,5313,0,15
259,8475254,"Gabriel Dumont",C,0.11835748792270531,0.022321428571428572,0.024193548387096774,0.023305084745762712,0.7261904761904762,0.057439446366782006,0.04835589941972921,0,0,0,0,0,0,0.051160337552742616,0.051899907321594066,0.14931713333028823,0.16970198675496695,0.3458604651162791,12,12789,5,43
35,8475253,"Garrett Wilson",L,0.04710144927536232,0,0.004032258064516129,0.00211864406779661,0.6309523809523809,0.019377162629757784,0.016441005802707933,0,0,0,0,0,0,0.021624472573839662,0,0.08792764810670077,0.09954470198675497,0,28,26400,6,80
158,8475291,"Garrett Mitchell",R,0.0012077294685990338,0,0,0,0.7142857142857143,0,0,0,0,0,0,0,0,0,0,0.03357237473164939,0.037251655629139076,0,30,23818,4,48
199,8475735,"Greg McKegg",C,0.13405797101449277,0.03571428571428571,0.03225806451612903,0.03389830508474576,0.6547619047619048,0.03321799307958478,0.04158607350096712,0,0,0,0,0,0,0.0469409282700422,0.09545875810936051,0.11410039738729275,0.12955298013245034,0.2293023255813954,3,3176,0,8
484,8477392,"Hudson Fasching",R,0.03140096618357488,0.004464285714285714,0.012096774193548387,0.00847457627118644,0.7142857142857143,0.005536332179930796,0.047388781431334626,0,0,0,0,0,0,0.011075949367088608,0.034291010194624647,0.07390490110994381,0.07657284768211922,0,7,6650,3,16
176,8477452,"Ian McCoshen",D,0.006038647342995169,0,0.008064516129032258,0.00423728813559322,0.7142857142857143,0,0.06382978723404256,0,0,0,0,0,0,0,0,0.057963732699949755,0.055049668874172196,0,24,25098,0,76
24,8477404,"Jake Guentzel",C,0.15579710144927536,0.25892857142857145,0.20161290322580644,0.2288135593220339,0.9047619047619048,0.02768166089965398,0.3230174081237911,0.06666666666666667,0.09022556390977443,0.2,0.09090909090909091,0.2857142857142857,0.5,0.14029535864978904,0.2767995057151683,0.16822728726076827,0.16970198675496692,0.0876279069767442,21,23843,11,121
247,8477009,"Jake Dotchin",D,0.08333333333333333,0,0.08870967741935484,0.046610169491525424,0.9523809523809523,0.04844290657439446,0.059961315280464215,0,0,0,0,0,0,0.052742616033755275,0,0.08628328689535468,0.07947019867549669,0,23,27548,2,103
384,8477937,"Jake Virtanen",R,0.0893719806763285,0.03125,0.03225806451612903,0.03177966101694915,0.6547619047619048,0.033910034602076124,0.042553191489361694,0.016666666666666666,0.007518796992481203,0,0,0.02857142857142857,0,0.06329113924050633,0.0228606734630831,0.07253460010048875,0.08360927152317883,0.22325581395348842,20,15882,2,93
174,8471693,"Jakub Kindl",D,0.46980676328502413,0.07589285714285714,0.2661290322580645,0.17584745762711865,0.75,0.15294117647058825,0.19729206963249518,0.06666666666666667,0.15789473684210525,0,0,0.11428571428571428,0.25,0.28217299578059074,0.08897126969416125,0.5306262275613209,0.5540149006622517,0,8,10512,1,47
165,8477944,"Jakub Vrana",L,0.049516908212560384,0.026785714285714284,0.024193548387096774,0.025423728813559324,0.7619047619047619,0.002768166089965398,0.056092843326885876,0.1,0.06015037593984962,0,0,0.11428571428571428,0,0.03375527426160337,0.05807846771702193,0.04617914401863609,0.04097682119205299,0,22,20384,10,85
434,8475990,"Jamie Doornbosch",D,0,0,0,0,0.7023809523809523,0,0,0,0,0,0,0,0,0.0005274261603375527,0,0,0,0,1,182,0,0
198,8477955,"Jared McCann",C,0.15217391304347827,0.049107142857142856,0.0846774193548387,0.06779661016949153,0.6190476190476191,0.02768166089965398,0.07156673114119923,0.016666666666666666,0.03759398496240601,0,0,0.02857142857142857,0,0.10232067510548523,0.04046957059005252,0.08340565477549902,0.08712748344370863,0.10483720930232561,8,8274,2,48
442,8475917,"Jason Akeson",R,0.025362318840579712,0.013392857142857142,0.008064516129032258,0.01059322033898305,0.7142857142857143,0.008304498269896194,0.23500967117988392,0.016666666666666666,0.007518796992481203,0,0,0,0,0.012658227848101266,0.2106889094840902,0.11355227698351071,0.12189569536423844,0.04651162790697676,19,19697,2,88
377,8477126,"Jayson Megna",C,0.20652173913043478,0.0625,0.056451612903225805,0.059322033898305086,0.5833333333333334,0.023529411764705882,0.09090909090909091,0,0.015037593984962405,0,0,0.05714285714285714,0,0.1070675105485232,0.11183194315724436,0.17110491938062394,0.18480960264900664,0.1348837209302326,5,4887,1,11
269,8475214,"Jeremy Morin",L,0.10024154589371981,0.044642857142857144,0.04838709677419355,0.046610169491525424,0.7976190476190477,0.04913494809688582,0.15473887814313347,0,0.007518796992481203,0,0,0,0,0.0759493670886076,0.13376583256101326,0.14895171972776686,0.16701158940397354,0.0992558139534884,24,19738,6,87
316,8477810,"Joel Hanley",D,0.027777777777777776,0,0.024193548387096774,0.012711864406779662,0.6428571428571429,0.005536332179930796,0.058027079303675046,0,0,0,0,0,0,0.010548523206751054,0,0.0847759557849541,0.09023178807947022,0,25,32808,1,55
273,8477326,"Joel Vermin",R,0.049516908212560384,0,0.028225806451612902,0.014830508474576272,0.7738095238095238,0.005536332179930796,0.049323017408123795,0,0,0,0,0,0,0.013185654008438819,0,0.07020508838441511,0.0724337748344371,0.21711627906976746,20,22034,7,74
355,8474076,"John Negrin",D,0.0024154589371980675,0,0.004032258064516129,0.00211864406779661,0.6904761904761905,0.001384083044982699,0.03191489361702128,0,0,0,0,0,0,0.0015822784810126582,0,0.012698122687617046,0.0171771523178808,0,15,13845,0,41
301,8477961,"John Quenneville",C,0.027777777777777776,0.008928571428571428,0.024193548387096774,0.01694915254237288,0.7380952380952381,0.002768166089965398,0.06382978723404256,0.03333333333333333,0.03007518796992481,0,0,0,0,0.022151898734177215,0.029657089898053747,0.060338921116338554,0.06084437086092716,0,26,26686,6,129
320,8476411,"Jonathan Racine",D,0,0,0,0,0.7023809523809523,0.001384083044982699,0,0,0,0,0,0,0,0,0,0.028045493993513908,0.03518211920529802,0,19,17082,0,25
98,8475224,"Jordan Szwarz",R,0.04106280193236715,0.017857142857142856,0,0.00847457627118644,0.6190476190476191,0.01453287197231834,0.022243713733075435,0,0,0,0,0.02857142857142857,0,0.01740506329113924,0.07568736484399134,0.04590508381674508,0.049668874172185434,0.030976744186046516,28,28186,5,58
62,8475738,"Jordan Weal",C,0.07125603864734299,0.07142857142857142,0.03225806451612903,0.05084745762711865,0.8452380952380952,0.01522491349480969,0.10058027079303676,0.03333333333333333,0.015037593984962405,0,0,0.05714285714285714,0,0.05379746835443038,0.10071053444547419,0.08934362581647101,0.09126655629139073,0.13813953488372097,27,29328,13,102
289,8477010,"Joseph Blandisi",L,0.11352657004830918,0.049107142857142856,0.0967741935483871,0.07415254237288135,0.30952380952380953,0.05951557093425606,0.10348162475822051,0.1,0.12030075187969924,0,0,0.14285714285714285,0.5,0.047995780590717296,0.11306765523632992,0.10126524459873018,0.09830298013245035,0.11469767441860468,20,19758,6,72
374,8476425,"Joseph LaBate",C,0.030193236714975844,0,0,0,0.6666666666666666,0.02906574394463668,0,0,0,0,0,0,0,0.005274261603375527,0,0.022335906454117753,0.03021523178807948,0.18604651162790703,14,11906,1,32
17,8476326,"Josh Archibald",R,0.033816425120772944,0.026785714285714284,0,0.012711864406779662,0.7619047619047619,0.008304498269896194,0.058027079303675046,0,0,0.2,0.09090909090909091,0,0,0.015822784810126583,0.1686746987951807,0.10163065820125154,0.11837748344370863,0,28,23803,7,81
418,8476410,"Josh Leivo",L,0.0640096618357488,0.049107142857142856,0.06854838709677419,0.059322033898305086,0.7738095238095238,0.01245674740484429,0.2282398452611219,0.05,0.05263157894736842,0,0,0.02857142857142857,0,0.046413502109704644,0.23107815878900217,0.13593386013794365,0.14859271523178808,0.13953488372093026,3,2717,0,17
314,8475567,"Julien Brouillette",D,0.012077294685990338,0.004464285714285714,0.004032258064516129,0.00423728813559322,0.75,0,0.019342359767891684,0,0,0,0,0.02857142857142857,0,0.002109704641350211,0.0772320049428483,0.05412688987347554,0.04346026490066226,0,22,26767,2,69
229,8476235,"Justin Fontaine",R,0.25966183574879226,0.12946428571428573,0.17338709677419356,0.15254237288135594,0.9642857142857143,0.042906574394463666,0.1528046421663443,0.016666666666666666,0.03007518796992481,0,0.045454545454545456,0.14285714285714285,0,0.1360759493670886,0.20729070126660487,0.18055999634586398,0.20964403973509932,0.16279069767441864,24,25633,1,66
477,8477473,"Justin Bailey",R,0.08574879227053141,0.017857142857142856,0.016129032258064516,0.01694915254237288,0.6904761904761905,0.006920415224913495,0.02514506769825919,0,0,0,0,0.05714285714285714,0,0.049578059071729956,0.03459993821439604,0.07532087881971407,0.07367549668874174,0,24,25652,13,91
468,8473992,"Justin Falk",D,0.3357487922705314,0.008928571428571428,0.14919354838709678,0.0826271186440678,0.13095238095238096,0.14602076124567473,0.10541586073500968,0.016666666666666666,0.007518796992481203,0,0,0,0,0.10073839662447258,0.024096385542168672,0.3422555154615631,0.38348509933774844,0,6,6678,0,12
287,8476798,"Karl Stollery",D,0.03985507246376811,0,0.024193548387096774,0.012711864406779662,0.5952380952380952,0.023529411764705882,0.05222437137330755,0,0.045112781954887216,0,0,0,0,0.016877637130801686,0,0.13620792033983464,0.13990066225165565,0,24,26490,0,77
415,8477953,"Kasperi Kapanen",R,0.043478260869565216,0.026785714285714284,0,0.012711864406779662,0.5833333333333334,0.001384083044982699,0.08897485493230174,0,0,0,0,0.05714285714285714,0.5,0.027426160337552744,0.2106889094840902,0.14347051568994657,0.16742549668874177,0.18604651162790703,18,20852,7,85
423,8477510,"Kerby Rychel",L,0.043478260869565216,0.008928571428571428,0.04032258064516129,0.025423728813559324,0.8095238095238095,0.011764705882352941,0.0851063829787234,0,0,0,0,0,0,0.0189873417721519,0.019462465245597773,0.04065226328050062,0.04594370860927153,0.030976744186046516,24,21419,3,100
30,8471331,"Kevin Porter",C,0.30676328502415456,0.12946428571428573,0.11693548387096774,0.1228813559322034,0.35714285714285715,0.04152249134948097,0.13733075435203096,0.03333333333333333,0.03007518796992481,0.2,0.13636363636363635,0.14285714285714285,0.25,0.14240506329113925,0.18319431572443617,0.3139816379664733,0.32760761589403975,0.40372093023255823,25,27362,5,72
302,8479291,"Kevin Rooney",C,0.008454106280193236,0,0,0,0.6428571428571429,0.005536332179930796,0,0,0,0,0,0,0,0.002109704641350211,0,0.041154706983967476,0.041390728476821195,0.06883720930232559,29,24354,6,57
200,8476415,"Kyle Rau",C,0.06763285024154589,0.017857142857142856,0.008064516129032258,0.012711864406779662,0.6309523809523809,0.006920415224913495,0.02514506769825919,0,0,0,0,0,0,0.030063291139240507,0.058696323756564715,0.0724432466998584,0.0757450331125828,0.12409302325581399,12,12561,5,53
203,8476400,"Logan Shaw",C,0.2210144927536232,0.049107142857142856,0.06451612903225806,0.057203389830508475,0.6785714285714286,0.02837370242214533,0.047388781431334626,0.016666666666666666,0.007518796992481203,0.2,0.18181818181818182,0.08571428571428572,0,0.11234177215189874,0.052826691380908244,0.1560316082766181,0.19412251655629145,0.32000000000000006,7,7222,2,28
292,8473989,"Luke Gazdic",L,0.18961352657004832,0.022321428571428572,0.012096774193548387,0.01694915254237288,0.4523809523809524,0.1508650519031142,0.016441005802707933,0,0,0,0,0,0,0.04219409282700422,0.061785603954278644,0.07742200703421184,0.0871274834437086,0.09302325581395351,10,4968,0,17
253,8474722,"Luke Witkowski",D,0.10748792270531402,0,0.03225806451612903,0.01694915254237288,0.7023809523809523,0.0671280276816609,0.02321083172147002,0,0,0,0,0,0,0.031118143459915613,0,0.10944137395514549,0.11858443708609273,0,14,17397,0,44
180,8477346,"MacKenzie Weegar",D,0.006038647342995169,0,0,0,0.7142857142857143,0.005536332179930796,0,0,0,0,0,0,0,0.0031645569620253164,0,0.08089343625816471,0.0691225165562914,0,21,26844,5,90
231,8475949,"Marek Hrivik",L,0.043478260869565216,0,0.020161290322580645,0.01059322033898305,0.6785714285714286,0.002768166089965398,0.04448742746615087,0,0.015037593984962405,0,0,0,0,0.01740506329113924,0,0.07180377289544604,0.08029801324503313,0.1302325581395349,17,19113,5,49
40,8475729,"Mark Alt",D,0,0,0,0,0.7023809523809523,0,0,0,0,0,0,0,0,0,0,0.011145114876901292,0.010347682119205299,0,6,6519,0,14
313,8474717,"Mark Barberio",D,0.3079710144927536,0.05357142857142857,0.16532258064516128,0.11228813559322035,0.6071428571428571,0.05813148788927336,0.10638297872340427,0.05,0.06766917293233082,0,0,0,0,0.15928270042194093,0.06950880444856347,0.30352167359429955,0.3031870860927153,0,12,18990,3,58
250,8475060,"Matt Taormina",D,0.07367149758454106,0.017857142857142856,0.03225806451612903,0.025423728813559324,0.7619047619047619,0.004152249134948097,0.05029013539651838,0.016666666666666666,0.015037593984962405,0,0,0,0,0.04219409282700422,0.03367315415508186,0.21760380030146623,0.20902317880794705,0,26,37261,10,177
226,8477836,"Matt Carey",L,0.0012077294685990338,0.004464285714285714,0,0.00211864406779661,0.7023809523809523,0.001384083044982699,0.04835589941972921,0,0,0,0,0,0,0.0005274261603375527,0.3089280197713932,0.011738911980998492,0.01448675496688742,0.04427906976744187,25,18375,7,54
70,8474749,"Matt Bartkowski",D,0.3393719806763285,0.04017857142857143,0.16129032258064516,0.1038135593220339,0.44047619047619047,0.13356401384083044,0.13152804642166346,0,0,0,0,0,0,0.169831223628692,0.08619091751621871,0.4791942630064404,0.5020695364238412,0,22,26406,1,94
76,8476891,"Matt Grzelcyk",D,0.0036231884057971015,0,0,0,0.7142857142857143,0.002768166089965398,0,0,0,0,0,0,0,0.004219409282700422,0,0.053761476270954185,0.07450331125827815,0,28,31684,1,108
271,8476285,"Matthew Peca",C,0.022946859903381644,0.008928571428571428,0.008064516129032258,0.00847457627118644,0.6428571428571429,0.002768166089965398,0.03868471953578337,0,0,0,0,0,0,0.00949367088607595,0.06858202038924929,0.04800621203124286,0.04925496688741723,0.08260465116279071,24,26315,2,68
333,8476384,"Max Friberg",R,0.006038647342995169,0,0,0,0.7023809523809523,0.001384083044982699,0,0,0,0,0,0,0,0.0005274261603375527,0,0.03361805143196456,0.03683774834437087,0,27,30204,5,59
452,8476323,"Max McCormick",R,0.03985507246376811,0.008928571428571428,0.008064516129032258,0.00847457627118644,0.5952380952380952,0.02560553633217993,0.019342359767891684,0,0,0,0,0,0,0.02689873417721519,0.016682113067655234,0.050975197551728864,0.05670529801324505,0.16400000000000003,23,25914,6,92
438,8474497,"Michael Kostka",D,0.10628019323671498,0.017857142857142856,0.07661290322580645,0.048728813559322036,0.8214285714285714,0.02698961937716263,0.14506769825918764,0,0.03759398496240601,0,0,0.02857142857142857,0,0.06065400843881857,0.02533209762125424,0.278536518521902,0.2847682119205298,0,25,33955,1,132
221,8476394,"Michael Paliotta",D,0.0012077294685990338,0,0.004032258064516129,0.00211864406779661,0.7142857142857143,0.002768166089965398,0.09671179883945842,0,0,0,0,0,0,0.002109704641350211,0,0.040926323482391634,0.04759933774834438,0,20,24968,0,101
340,8477446,"Michael McCarron",R,0.10024154589371981,0.013392857142857142,0.036290322580645164,0.025423728813559324,0.47619047619047616,0.08235294117647059,0.04061895551257254,0,0,0,0,0,0,0.054324894514767935,0.027185665739882604,0.10930434385419997,0.13431291390728478,0.12753488372093025,17,18765,5,46
255,8475739,"Michael Bournival",L,0.16908212560386474,0.0625,0.04838709677419355,0.05508474576271186,0.5714285714285714,0.017993079584775088,0.07640232108317214,0.016666666666666666,0.022556390977443608,0,0,0.05714285714285714,0,0.09018987341772151,0.11152301513747295,0.11885077422007034,0.1314155629139073,0.23627906976744192,19,19042,4,53
368,8475808,"Michael Chaput",C,0.23309178743961353,0.044642857142857144,0.06451612903225806,0.05508474576271186,0.36904761904761907,0.05951557093425606,0.06963249516441006,0,0,0,0,0,0,0.08808016877637131,0.08310163731850478,0.12259626364591422,0.1374172185430464,0.2439069767441861,6,6603,1,22
202,8475958,"Michael Sgarbossa",C,0.10265700483091787,0.017857142857142856,0.06048387096774194,0.04025423728813559,0.5595238095238095,0.022145328719723183,0.07833655705996131,0.03333333333333333,0.03007518796992481,0,0,0,0,0.039029535864978905,0.03768921841210997,0.11711505960809392,0.13038079470198677,0.2035348837209303,8,10330,3,27
262,8476765,"Mike Halmo",L,0.022946859903381644,0.004464285714285714,0,0.00211864406779661,0.7023809523809523,0.022145328719723183,0.004835589941972921,0,0,0,0,0,0,0.013185654008438819,0.012357120790855729,0.01132782167816197,0.01076158940397351,0.0186046511627907,30,31089,9,116
444,8471663,"Mike Blunden",R,0.16304347826086957,0.03125,0.024193548387096774,0.02754237288135593,0.6190476190476191,0.11280276816608996,0.043520309477756286,0,0,0,0,0.02857142857142857,0,0.06118143459915612,0.09978375038616,0.287717535285251,0.3145695364238411,0.11367441860465119,23,26188,2,85
421,8470599,"Milan Michalek",L,0.9830917874396136,1,1,1,1,0.2934256055363322,1,1,1,1,0.7272727272727273,1,0,1,1,1,1,0.5571162790697675,9,6884,1,19
308,8477425,"Miles Wood",L,0.14492753623188406,0.07142857142857142,0.07258064516129033,0.07203389830508475,0.21428571428571427,0.11903114186851212,0.05415860735009672,0.06666666666666667,0.06015037593984962,0,0,0,0,0.11181434599156118,0.04695705900525177,0.09167313753254465,0.08816225165562915,0.09302325581395351,10,9915,3,43
295,8479250,"Nick Lappin",R,0.10265700483091787,0.03571428571428571,0.024193548387096774,0.029661016949152543,0.30952380952380953,0.023529411764705882,0.030947775628626693,0,0,0,0,0,0,0.060126582278481014,0.04324992276799505,0.049559219841958616,0.050496688741721855,0.05320930232558141,7,6211,1,26
454,8477426,"Nick Paul",L,0.030193236714975844,0.008928571428571428,0.012096774193548387,0.01059322033898305,0.6309523809523809,0.004152249134948097,0.020309477756286266,0,0,0,0,0,0,0.0189873417721519,0.02193388940376892,0.10907596035262412,0.10285596026490068,0.11972093023255816,24,23818,3,90
232,8476482,"Nicklas Jensen",R,0.04468599033816425,0.013392857142857142,0.012096774193548387,0.012711864406779662,0.6309523809523809,0.006920415224913495,0.033849129593810444,0,0.007518796992481203,0,0,0.02857142857142857,0,0.027953586497890294,0.030892801977139322,0.1428310418855342,0.14797185430463577,0,25,27838,13,140
343,8477957,"Nikita Scherbak",R,0.006038647342995169,0.008928571428571428,0,0.00423728813559322,0.7380952380952381,0,0.06382978723404256,0.03333333333333333,0.015037593984962405,0,0,0,0,0.0031645569620253164,0.20574606116774788,0.04764079842872151,0.05256622516556292,0,22,22261,7,74
425,8478373,"Nikita Soshnikov",R,0.1473429951690821,0.05357142857142857,0.04435483870967742,0.048728813559322036,0.6904761904761905,0.02629757785467128,0.07446808510638298,0.016666666666666666,0.022556390977443608,0,0,0,0,0.09124472573839662,0.06271238801359282,0.08751655780386425,0.09892384105960265,0.02195348837209303,4,4047,1,8
79,8478569,"Noel Acciari",C,0.10144927536231885,0.026785714285714284,0.028225806451612902,0.02754237288135593,0.7380952380952381,0.03044982698961938,0.086073500967118,0,0,0,0,0,0,0.039029535864978905,0.20574606116774788,0.17366281459827343,0.17798013245033117,0.1898604651162791,11,10658,0,29
34,8476897,"Oskar Sundqvist",C,0.04710144927536232,0.004464285714285714,0.012096774193548387,0.00847457627118644,0.6190476190476191,0.005536332179930796,0.02127659574468085,0,0,0.1,0.045454545454545456,0.02857142857142857,0,0.016350210970464137,0.02378745752239728,0.08925227241584067,0.09809602649006625,0.13711627906976748,23,22751,10,77
378,8469752,"Pascal Pelletier",L,0.018115942028985508,0,0,0,0.6428571428571429,0,0,0,0,0,0,0,0,0.008438818565400843,0,0.06513497464943133,0.076158940397351,0.15293023255813956,14,11539,4,44
441,8476890,"Patrick Sieloff",D,0,0.004464285714285714,0,0.00211864406779661,0.7261904761904762,0.001384083044982699,0.09671179883945842,0,0,0,0,0.02857142857142857,0,0.0005274261603375527,0.3089280197713932,0.034622938838898276,0.03518211920529802,0,24,25488,1,49
154,8474008,"Paul Carey",C,0.050724637681159424,0.004464285714285714,0.004032258064516129,0.00423728813559322,0.7023809523809523,0,0.033849129593810444,0,0,0,0,0,0,0.016877637130801686,0.061785603954278644,0.15059608093911295,0.16639072847682124,0,26,27854,9,93
206,8476200,"Paul Thompson",R,0.05314009661835749,0,0.024193548387096774,0.012711864406779662,0.6190476190476191,0.03183391003460208,0.02707930367504836,0,0,0,0,0,0,0.021624472573839662,0,0.0629424930343032,0.07015728476821192,0,12,13131,2,48
225,8477402,"Pavel Buchnevich",R,0.10990338164251208,0.07142857142857142,0.10483870967741936,0.08898305084745763,0.8809523809523809,0.017993079584775088,0.1334622823984526,0.03333333333333333,0.06015037593984962,0,0,0,0,0.06856540084388185,0.08958912573370403,0.1252911889645092,0.13617549668874174,0.026604651162790705,2,2026,1,5
92,8473526,"Peter Mueller",C,0.357487922705314,0.28125,0.3911290322580645,0.3389830508474576,0.2976190476190476,0.06782006920415225,0.25241779497098643,0.31666666666666665,0.39849624060150374,0,0,0.2857142857142857,0,0.35654008438818563,0.14025332097621251,0.19965285707760472,0.19288079470198677,0.21534883720930237,24,21961,4,73
83,8477417,"Peter Cehlarik",L,0.025362318840579712,0,0.016129032258064516,0.00847457627118644,0.7142857142857143,0,0.03481624758220503,0,0.015037593984962405,0,0,0,0,0.008438818565400843,0,0.06152651532453295,0.05753311258278146,0.12409302325581399,26,24732,13,100
305,8475723,"Petr Straka",R,0.0024154589371980675,0,0.008064516129032258,0.00423728813559322,0.7261904761904762,0,0.06479690522243714,0,0,0,0,0,0,0.0010548523206751054,0,0.01123646827753163,0.010968543046357618,0,14,12283,1,34
460,8475321,"Phil Varone",C,0.06763285024154589,0.022321428571428572,0.020161290322580645,0.0211864406779661,0.4642857142857143,0.01384083044982699,0.08704061895551257,0,0,0,0,0,0,0.024789029535864978,0.20821748532591905,0.12035810533047092,0.12955298013245034,0.24027906976744193,23,28052,8,74
236,8474592,"Philip McRae",C,0.016908212560386472,0.004464285714285714,0.008064516129032258,0.006355932203389831,0.5952380952380952,0.001384083044982699,0.019342359767891684,0,0,0,0,0,0,0.006856540084388186,0.02378745752239728,0.0100945507696524,0.011175496688741723,0.049395348837209314,28,23576,5,73
322,8475194,"Philip Samuelsson",D,0.014492753623188406,0,0,0,0.6666666666666666,0.001384083044982699,0,0,0,0,0,0,0,0.007383966244725738,0,0.11780021011282145,0.1212748344370861,0,23,22826,1,51
407,8471733,"Rich Clune",L,0.17149758454106281,0.03125,0.06048387096774194,0.046610169491525424,0.6666666666666666,0.22975778546712802,0.06382978723404256,0,0,0,0,0.05714285714285714,0,0.0490506329113924,0.058696323756564715,0.10565020782898643,0.1183774834437086,0.0372093023255814,14,9434,0,13
150,8477003,"Riley Barber",R,0.006038647342995169,0,0,0,0.7142857142857143,0,0,0,0,0,0,0,0,0.002109704641350211,0,0.032293427122824646,0.0343543046357616,0,7,6461,1,31
299,8472355,"Rod Pelley",C,0.3115942028985507,0.04017857142857143,0.08064516129032258,0.0614406779661017,0.4523809523809524,0.07197231833910035,0.04448742746615087,0.016666666666666666,0.015037593984962405,0,0,0.02857142857142857,0,0.14556962025316456,0.04324992276799505,0.1411866806741881,0.1560430463576159,0.3153488372093024,29,22482,4,42
126,8477527,"Ross Johnston",L,0,0,0,0,0.7142857142857143,0.002768166089965398,0,0,0,0,0,0,0,0,0,0.029963915406751016,0.02897350993377484,0,22,13129,4,19
152,8475243,"Ryan Bourque",C,0,0,0,0,0.7023809523809523,0,0,0,0,0,0,0,0,0.0005274261603375527,0,0.01772255972228566,0.020695364238410598,0,21,15498,0,38
317,8478963,"Ryan Johnston",D,0.01932367149758454,0,0,0,0.6547619047619048,0.005536332179930796,0,0,0,0,0,0,0,0.003691983122362869,0,0.08399945187959622,0.08112582781456955,0,16,17637,1,46
115,8477506,"Ryan Pulock",D,0.026570048309178744,0.013392857142857142,0.016129032258064516,0.014830508474576272,0.7023809523809523,0.0034602076124567475,0.07446808510638298,0.016666666666666666,0.015037593984962405,0,0,0,0,0.010548523206751054,0.10287303058387394,0.08993742292056822,0.08878311258278147,0,14,18982,4,92
44,8477502,"Samuel Morin",D,0.0012077294685990338,0,0,0,0.7142857142857143,0,0,0,0,0,0,0,0,0.002109704641350211,0,0.08281185767140181,0.08278145695364239,0,29,31217,2,88
56,8476872,"Scott Laughton",C,0.13647342995169082,0.04017857142857143,0.07258064516129033,0.057203389830508475,0.6666666666666666,0.03529411764705882,0.047388781431334626,0,0.007518796992481203,0,0,0,0,0.08544303797468354,0.03738029039233858,0.1615584890147536,0.17735927152317882,0.29023255813953497,19,17615,2,65
113,8476429,"Scott Mayfield",D,0.0748792270531401,0.022321428571428572,0.056451612903225805,0.04025423728813559,0.5952380952380952,0.06089965397923876,0.086073500967118,0,0,0,0,0,0,0.04746835443037975,0.10874266295953042,0.19129402091992875,0.1862582781456954,0,15,19418,3,65
91,8476374,"Sean Kuraly",C,0.027777777777777776,0.017857142857142856,0.008064516129032258,0.012711864406779662,0.6904761904761905,0.008304498269896194,0.12185686653771759,0,0,0,0,0.05714285714285714,0.5,0.022151898734177215,0.12357120790855729,0.10373178641574933,0.12913907284768214,0.11925581395348839,24,20639,8,72
413,8476495,"Seth Griffith",C,0.09782608695652174,0.026785714285714284,0.06048387096774194,0.04449152542372881,0.7857142857142857,0.017993079584775088,0.09671179883945842,0.016666666666666666,0.045112781954887216,0,0,0.02857142857142857,0,0.04061181434599156,0.056224899598393566,0.11926186452290687,0.11961920529801326,0.07748837209302327,3,3576,1,7
280,8475274,"Seth Helgeson",D,0.07004830917874397,0.008928571428571428,0.012096774193548387,0.01059322033898305,0.75,0.04498269896193772,0.03481624758220503,0,0,0,0,0,0,0.013713080168776372,0.20574606116774788,0.13424382222628237,0.14755794701986757,0,21,23383,2,49
188,8475597,"Shane Harper",R,0.03260869565217391,0.017857142857142856,0.008064516129032258,0.012711864406779662,0.6904761904761905,0.02491349480968858,0.04061895551257253,0,0,0,0,0,0,0.013713080168776372,0.09514983008958912,0.04179418078837985,0.040562913907284774,0,21,21268,5,53
248,8476886,"Slater Koekkoek",D,0.09541062801932366,0,0.04032258064516129,0.0211864406779661,0.5952380952380952,0.01522491349480969,0.047388781431334626,0,0,0,0,0,0,0.04219409282700422,0,0.15772164618827936,0.169908940397351,0,10,13409,0,58
155,8475816,"Stanislav Galiev",R,0.030193236714975844,0.004464285714285714,0.012096774193548387,0.00847457627118644,0.75,0.002768166089965398,0.0609284332688588,0,0,0,0,0,0,0.016877637130801686,0.1544640098856966,0.036038916548668525,0.03083609271523179,0,17,13994,7,50
339,8476870,"Stefan Matteau",C,0.06642512077294686,0.013392857142857142,0.012096774193548387,0.012711864406779662,0.5476190476190477,0.018685121107266434,0.0367504835589942,0,0,0,0,0,0,0.030063291139240507,0.0639481000926784,0.07116429909103367,0.07533112582781458,0,23,21025,5,60
122,8472410,"Stephen Gionta",R,0.4166666666666667,0.08928571428571429,0.1975806451612903,0.1461864406779661,0.7738095238095238,0.0698961937716263,0.24661508704061894,0,0,0.1,0.18181818181818182,0.08571428571428572,0,0.19356540084388185,0.28637627432808155,0.26510756862924223,0.29863410596026496,0.328093023255814,5,4110,1,12
117,8470609,"Steve Bernier",R,0.8526570048309179,0.5089285714285714,0.5604838709677419,0.5360169491525424,0.6190476190476191,0.23806228373702423,0.5551257253384914,0.5166666666666667,0.46616541353383456,0.1,0.045454545454545456,0.45714285714285713,0.25,0.5680379746835443,0.49706518381217163,0.5836568766272324,0.6264486754966888,0.5037209302325583,25,23696,12,67
10,8476162,"Steve Oleksy",D,0.10869565217391304,0.013392857142857142,0.07661290322580645,0.046610169491525424,0.9285714285714286,0.09550173010380623,0.09090909090909091,0,0,0,0,0.02857142857142857,0,0.043248945147679324,0.035217794253938825,0.22436395194811126,0.22102649006622518,0,4,4551,0,21
218,8474000,"Steven Kampfer",D,0.1859903381642512,0.049107142857142856,0.06451612903225806,0.057203389830508475,0.7738095238095238,0.047058823529411764,0.10541586073500968,0,0.03759398496240601,0,0,0.05714285714285714,0,0.09440928270042194,0.14179796107506948,0.23578312702690357,0.23406456953642385,0.04651162790697676,21,26880,1,114
285,8477463,"Steven Santini",D,0.09178743961352658,0.017857142857142856,0.04032258064516129,0.029661016949152543,0.5952380952380952,0.020761245674740483,0.03481624758220503,0,0,0,0,0,0,0.0490506329113924,0.026567809700339815,0.11346092358288037,0.11589403973509936,0,11,11257,0,30
11,8476478,"Stuart Percy",D,0.013285024154589372,0,0.012096774193548387,0.006355932203389831,0.6428571428571429,0.001384083044982699,0.03191489361702128,0,0.015037593984962405,0,0,0,0,0.007383966244725738,0,0.07089023888914264,0.08029801324503312,0,17,16256,0,43
324,8477413,"Sven Andrighetto",R,0.17753623188405798,0.10267857142857142,0.1814516129032258,0.1440677966101695,0.75,0.020761245674740483,0.16247582205029015,0.08333333333333333,0.07518796992481203,0,0,0,0,0.11708860759493671,0.14457831325301201,0.1263417530717581,0.1283112582781457,0.18874418604651166,12,13826,5,79
230,8470854,"Tanner Glass",L,0.7185990338164251,0.125,0.21370967741935484,0.1716101694915254,0,0.5058823529411764,0.26595744680851063,0.016666666666666666,0.007518796992481203,0,0,0.11428571428571428,0,0.2378691983122363,0.45535990114303354,0.46576531311378067,0.5482201986754968,0.6278139534883723,28,25241,2,47
272,8476911,"Tanner Richard",C,0.006038647342995169,0,0,0,0.6666666666666666,0.002768166089965398,0,0,0,0,0,0,0,0.0010548523206751054,0,0.054949070479148585,0.050910596026490076,0.08055813953488374,23,25837,4,70
469,8476166,"Taylor Fedun",D,0.0785024154589372,0.008928571428571428,0.07661290322580645,0.04449152542372881,0.7857142857142857,0.02491349480968858,0.2504835589941973,0,0.06015037593984962,0,0,0,0,0.03481012658227848,0.10287303058387394,0.190015073311104,0.19681291390728478,0,12,14777,3,56
57,8476955,"Taylor Leier",L,0.030193236714975844,0.008928571428571428,0.008064516129032258,0.00847457627118644,0.6904761904761905,0.005536332179930796,0.03868471953578337,0,0,0,0,0,0,0.008966244725738396,0.08835341365461846,0.056090987987027816,0.06436258278145697,0,22,22647,6,76
488,8471842,"Tim Kennedy",L,0.20531400966183574,0.07142857142857142,0.10483870967741936,0.08898305084745763,0.5476190476190477,0.045674740484429065,0.13926499032882012,0.016666666666666666,0.015037593984962405,0,0,0.14285714285714285,0,0.10337552742616034,0.13005869632375652,0.24295436897638514,0.25020695364238416,0.2408372093023256,9,9194,1,15
6,8475148,"Tim Erixon",D,0.1111111111111111,0.008928571428571428,0.04838709677419355,0.029661016949152543,0.6785714285714286,0.02629757785467128,0.04255319148936171,0.016666666666666666,0.05263157894736842,0,0,0,0,0.03533755274261603,0.01729996910719802,0.1448864933997168,0.13783112582781457,0,19,21607,4,97
41,8474113,"TJ Brennan",D,0.06280193236714976,0.022321428571428572,0.03225806451612903,0.02754237288135593,0.4523809523809524,0.020069204152249134,0.07156673114119924,0.016666666666666666,0.03759398496240601,0,0,0,0,0.04113924050632911,0.07198022860673461,0.15712784908418215,0.1543874172185431,0,29,39206,9,219
419,8477427,"Tobias Lindberg",R,0.006038647342995169,0,0.008064516129032258,0.00423728813559322,0.7142857142857143,0.002768166089965398,0.03191489361702128,0,0,0,0,0,0,0.006329113924050633,0,0.028730644498241448,0.02793874172185431,0,22,18719,3,57
26,8466398,"Tom Kostopoulos",R,0.7789855072463768,0.2857142857142857,0.3951612903225806,0.3432203389830508,0.11904761904761904,0.5072664359861592,0.30174081237911027,0.08333333333333333,0.07518796992481203,0.8,0.5454545454545454,0.14285714285714285,0.25,0.4287974683544304,0.2971887550200803,0.4093545882245467,0.4286009933774835,0.2975813953488373,28,31163,10,105
32,8473542,"Tom Sestito",L,0.20169082125603865,0.044642857142857144,0.05241935483870968,0.048728813559322036,0.4642857142857143,0.37993079584775086,0.15570599613152802,0.03333333333333333,0.022556390977443608,0,0,0.02857142857142857,0,0.03375527426160337,0.20420142106889091,0.17256657379070936,0.2102649006622517,0.21144186046511634,13,8708,5,19
73,8474019,"Tommy Cross",D,0.004830917874396135,0,0.012096774193548387,0.006355932203389831,0.7261904761904762,0,0.2253384912959381,0,0,0,0.045454545454545456,0,0,0,0,0.09318046864294523,0.09871688741721857,0,31,41008,4,118
448,8470899,"Triston Grant",L,0.012077294685990338,0,0.004032258064516129,0.00211864406779661,0.6904761904761905,0.01314878892733564,0.012572533849129595,0,0,0,0,0,0,0.0026371308016877636,0,0.017585529621340155,0.02131622516556292,0,3,3087,0,4
361,8479442,"Troy Stecher",D,0.17028985507246377,0.026785714285714284,0.1693548387096774,0.1016949152542373,0.3333333333333333,0.03460207612456748,0.06576402321083173,0.03333333333333333,0.12030075187969924,0,0,0,0,0.13185654008438819,0.014828544949026874,0.09477915315397616,0.08360927152317882,0,4,5491,0,30
268,8475775,"Tye McGinn",L,0.10628019323671498,0.04017857142857143,0.03225806451612903,0.036016949152542374,0.7023809523809523,0.03044982698961938,0.0676982591876209,0,0,0,0,0.02857142857142857,0,0.0580168776371308,0.11553907939450106,0.10185904170282739,0.10244205298013247,0.04651162790697676,1,767,1,2
95,8475292,"Tyler Randell",R,0.03140096618357488,0.026785714285714284,0,0.012711864406779662,0.6904761904761905,0.032525951557093424,0.02127659574468085,0,0,0,0,0.02857142857142857,0,0.00949367088607595,0.10287303058387394,0.004430639930571415,0.00455298013245033,0,25,16406,0,32
475,8470729,"Tyson Strachan",D,0.22584541062801933,0.004464285714285714,0.08064516129032258,0.04449152542372881,0.23809523809523808,0.13771626297577855,0.1363636363636364,0,0,0,0.045454545454545456,0,0,0.08280590717299578,0.02193388940376892,0.3422555154615631,0.34499172185430466,0,23,27449,1,61
284,8478584,"Vojtech Mozik",D,0.007246376811594203,0,0,0,0.7142857142857143,0.002768166089965398,0,0,0,0,0,0,0,0.0031645569620253164,0,0.021605079249075048,0.02359271523178808,0,26,31744,3,117
480,8477478,"William Carrier",L,0.09782608695652174,0.044642857142857144,0.024193548387096774,0.03389830508474576,0.6904761904761905,0.02906574394463668,0.03868471953578337,0,0,0,0,0.05714285714285714,0,0.052742616033755275,0.061785603954278644,0.034668615539213445,0.042218543046357616,0.09302325581395351,5,4579,0,10
261,8476826,"Yanni Gourde",C,0.049516908212560384,0.05357142857142857,0.020161290322580645,0.036016949152542374,0.7023809523809523,0.01245674740484429,0.12572533849129594,0,0,0.2,0.09090909090909091,0.05714285714285714,0.5,0.03164556962025317,0.12357120790855729,0.08961768601836204,0.09250827814569539,0.06846511627906977,29,32936,10,108
278,8479483,"Yohann Auvitu",D,0.059178743961352656,0.017857142857142856,0.016129032258064516,0.01694915254237288,0.7380952380952381,0.002768166089965398,0.030947775628626693,0,0.015037593984962405,0,0,0,0,0.056962025316455694,0.0228606734630831,0.07084456218882748,0.06705298013245034,0,6,7529,0,42
96,8474736,"Zac Rinaldo",C,0.34782608695652173,0.04017857142857143,0.07258064516129033,0.057203389830508475,0.23809523809523808,0.4975778546712803,0.05029013539651838,0,0,0,0,0.02857142857142857,0,0.11339662447257384,0.0994748223663886,0.13917690586032064,0.15790562913907288,0.20158139534883723,19,13811,5,32
162,8475119,"Zach Sill",C,0.1111111111111111,0.008928571428571428,0.012096774193548387,0.01059322033898305,0.6071428571428571,0.06782006920415225,0.015473887814313346,0,0,0,0,0,0,0.03691983122362869,0.030892801977139322,0.06504362124880099,0.06622516556291391,0.12111627906976746,28,22132,6,48
161,8477482,"Zach Sanford",L,0.10265700483091787,0.03571428571428571,0.03225806451612903,0.03389830508474576,0.7619047619047619,0.01384083044982699,0.04061895551257253,0,0,0,0,0.11428571428571428,0,0.04430379746835443,0.06858202038924929,0.10455396702142238,0.11672185430463579,0.26716279069767446,17,16665,7,63
321,8474743,"Zach Redmond",D,0.1751207729468599,0.04017857142857143,0.13709677419354838,0.09110169491525423,0.9166666666666666,0.03460207612456748,0.18568665377176016,0.03333333333333333,0.06015037593984962,0.1,0.045454545454545456,0.02857142857142857,0,0.08544303797468354,0.09947482236638863,0.22760699767048828,0.21937086092715233,0,2,2932,0,9
459,8470687,"Zack Stortini",R,0.30917874396135264,0.0625,0.10887096774193548,0.08686440677966102,0.6428571428571429,0.5017301038062284,0.06963249516441006,0.016666666666666666,0.007518796992481203,0,0,0.02857142857142857,0,0.07436708860759493,0.15013901760889714,0.10551317772804093,0.121067880794702,0.27572093023255817,13,5411,1,13
