id,PlayerName,DraftAge_norm,country_group,Height_norm,Weight_norm,Position,DraftYear,Overall,CSS_rank_norm,rs_GP_norm,rs_G_norm,rs_A_norm,rs_P_norm,rs_PIM_norm,rs_PlusMinus_norm,po_GP_norm,po_G_norm,po_A_norm,po_P_norm,po_PIM_norm,po_PlusMinus_norm,sum_7yr_GP,sum_7yr_TOI,GP_greater_than_0
8467543,Toby Petersen,0.142857143,USA,0.214285714,0.326923077,C,1998,244,,0.522222222,0.219178082,0.18627451,0.221518987,0.070981211,0.552,0,0,0,0,0,0.375,91,1128,yes
8468101,Radek Martinek,0.357142857,EURO,0.357142857,0.423076923,D,1999,228,,0.577777778,0.164383562,0.12745098,0.158227848,0.104384134,0.552,0.1,0,0.076923077,0.043478261,0,0.375,210,3587,yes
8468103,Petr Tenkrat,0.285714286,EURO,0.357142857,0.384615385,R,1999,230,,0.555555556,0.287671233,0.137254902,0.221518987,0.066805846,0.552,0,0,0,0,0,0.375,113,1390,yes
8468105,Alexander Khavanov,0.642857143,EURO,0.5,0.423076923,D,1999,232,,0.566666667,0.02739726,0.078431373,0.063291139,0.045929019,0.552,0.733333333,0.047619048,0.192307692,0.130434783,0.325,0.375,348,6741,yes
8468107,Goran Bezina,0.071428571,EURO,0.5,0.615384615,D,1999,234,,0.8,0.164383562,0.068627451,0.120253165,0.167014614,0.552,0.133333333,0,0,0,0.016666667,0.375,3,16,yes
8468112,Pierre Hedin,0.214285714,EURO,0.428571429,0.355769231,D,1999,239,,0.455555556,0.082191781,0.049019608,0.069620253,0.058455115,0.552,0.433333333,0.047619048,0.038461538,0.043478261,0.1,0.375,3,58,yes
8468120,Mikko Eloranta,0.642857143,EURO,0.357142857,0.278846154,L,1999,247,,0.688888889,0.273972603,0.225490196,0.272151899,0.227557411,0.552,0.333333333,0.047619048,0.230769231,0.152173913,0.216666667,0.375,264,3132,yes
8468123,Noah Clarke,0.142857143,USA,0.142857143,0.278846154,L,1999,250,,0.577777778,0.424657534,0.31372549,0.398734177,0.098121086,0.552,0.433333333,0.380952381,0.076923077,0.217391304,0.133333333,0.375,7,56,yes
8468130,Hannes Hyvonen,0.428571429,EURO,0.5,0.375,R,1999,257,,0.577777778,0.315068493,0.176470588,0.259493671,0.154488518,0.552,0.133333333,0.095238095,0.038461538,0.065217391,0.016666667,0.375,42,395,yes
8468518,Tomas Kopecky,0,EURO,0.571428571,0.471153846,R,2000,38,,0.822222222,0.150684932,0.147058824,0.164556962,0.133611691,0.552,0.166666667,0,0,0,0,0.375,27,199,yes
8468529,Jonas Nordqvist,0,EURO,0.571428571,0.394230769,C,2000,49,,0.511111111,0.232876712,0.294117647,0.297468354,0.066805846,0.552,0.2,0.142857143,0.192307692,0.173913043,0.016666667,0.375,3,42,yes
8468094,Colin Hemingway,0.071428571,CAN,0.357142857,0.086538462,L,1999,221,,0.655555556,0.547945205,0.62745098,0.658227848,0.108559499,0.552,0,0,0,0,0,0.375,3,22,yes
8468047,Damian Surma,0,USA,0.214285714,0.375,L,1999,174,,0.722222222,0.232876712,0.147058824,0.202531646,0.129436326,0.552,0.366666667,0.142857143,0.230769231,0.195652174,0.125,0.375,2,16,yes
8468000,Kaspars Astashenko,0.428571429,EURO,0.428571429,0.432692308,D,1999,127,,0.844444444,0.04109589,0.117647059,0.094936709,0.354906054,0.552,0.1,0,0.076923077,0.043478261,0.05,0.375,23,237,yes
8467545,Michael Ryder,0,CAN,0.428571429,0.375,R,1998,216,,0.766666667,0.465753425,0.274509804,0.392405063,0.08559499,0.552,0.333333333,0.19047619,0.076923077,0.130434783,0.033333333,0.375,81,1296,yes
8467550,David Moravec,0.5,EURO,0.357142857,0.182692308,R,1998,218,,0.633333333,0.520547945,0.264705882,0.411392405,0.06263048,0.552,0.366666667,0.285714286,0.346153846,0.326086957,0.066666667,0.375,1,15,yes
8467553,Michael Farrell,0.142857143,USA,0.357142857,0.567307692,R,1998,220,,0.366666667,0.068493151,0.078431373,0.082278481,0.066805846,0.552,0,0,0,0,0,0.375,13,61,yes
8467558,Bruno St. Jacques,0,CAN,0.5,0.471153846,D,1998,253,,0.7,0.01369863,0.107843137,0.075949367,0.292275574,0.552,0,0,0,0,0,0.375,66,927,yes
8467564,Matt Hussey,0.071428571,USA,0.5,0.490384615,C,1998,254,,0.288888889,0.356164384,0.225490196,0.310126582,0.041753653,0.552,0,0,0,0,0,0.375,3,41,yes
8467565,John Pohl,0.071428571,USA,0.428571429,0.336538462,C,1998,255,,0.422222222,0.479452055,0.784313725,0.727848101,0.058455115,0.552,0,0,0,0,0,0.375,1,8,yes
8467594,Jeff MacMillan,0.142857143,CAN,0.571428571,0.471153846,D,1999,215,,0.722222222,0.04109589,0.176470588,0.132911392,0.227557411,0.552,0.5,0.142857143,0.230769231,0.195652174,0.233333333,0.375,4,33,yes
8467949,Frantisek Kaberle,0.571428571,EURO,0.357142857,0.278846154,D,1999,76,,0.633333333,0.246575342,0.205882353,0.246835443,0.008350731,0.552,0.433333333,0.095238095,0.192307692,0.152173913,0.066666667,0.375,386,8232,yes
8467956,Niclas Havelid,0.571428571,EURO,0.357142857,0.375,D,1999,83,,0.555555556,0.136986301,0.117647059,0.139240506,0.087682672,0.552,0.266666667,0,0.153846154,0.086956522,0.083333333,0.375,392,8503,yes
8467969,Mathias Tjarnqvist,0.142857143,EURO,0.5,0.336538462,L,1999,96,,0.444444444,0.260273973,0.196078431,0.246835443,0.100208768,0.552,0.166666667,0.19047619,0.038461538,0.108695652,0.033333333,0.375,51,444,yes
8468534,Andreas Lilja,0.5,EURO,0.571428571,0.567307692,D,2000,54,,0.544444444,0.109589041,0.107843137,0.120253165,0.183716075,0.552,0.2,0,0,0,0.066666667,0.375,319,5716,yes
8468536,Aleksander Suglobov,0,EURO,0.357142857,0.375,R,2000,56,,0.422222222,0.315068493,0.098039216,0.208860759,0,0.552,0,0,0,0,0,0.375,18,148,yes
8468553,Sergei Zinovjev,0.142857143,EURO,0.214285714,0.230769231,C,2000,73,,0.444444444,0.068493151,0.068627451,0.075949367,0.050104384,0.552,0,0,0,0,0,0.375,10,98,yes
8468712,Lubomir Sekeras,1,EURO,0.357142857,0.211538462,D,2000,232,,0.655555556,0.123287671,0.274509804,0.234177215,0.087682672,0.552,0.133333333,0,0.076923077,0.043478261,0.016666667,0.375,213,4455,yes
8468714,Janis Sprukts,0,EURO,0.571428571,0.711538462,C,2000,234,,0.5,0.150684932,0.107843137,0.139240506,0.045929019,0.552,0.1,0,0,0,0,0.375,13,82,yes
8468726,Chad Wiseman,0.071428571,CAN,0.428571429,0.423076923,L,2000,246,,0.755555556,0.315068493,0.441176471,0.430379747,0.110647182,0.552,0,0,0,0,0,0.375,9,81,yes
8468743,Thomas Ziegler,0.285714286,EURO,0.285714286,0.144230769,C,2000,263,,0.666666667,0.123287671,0.088235294,0.113924051,0.050104384,0.552,0.3,0.047619048,0.192307692,0.130434783,0.133333333,0.375,5,25,yes
8468747,Tomi Pettinen,0.357142857,EURO,0.571428571,0.567307692,D,2000,267,,0.566666667,0.01369863,0.058823529,0.044303797,0.175365344,0.552,0.1,0.047619048,0.076923077,0.065217391,0.016666667,0.375,24,329,yes
8468748,Pavel Kolarik,0.714285714,EURO,0.428571429,0.442307692,D,2000,268,,0.577777778,0.068493151,0.029411765,0.050632911,0.079331942,0.552,0,0,0,0,0,0.375,23,176,yes
8468750,Micki Dupont,0.142857143,CAN,0.214285714,0.240384615,D,2000,270,,0.788888889,0.356164384,0.607843137,0.556962025,0.325678497,0.552,0.366666667,0.095238095,0.153846154,0.130434783,0.141666667,0.375,21,338,yes
8468751,Reto Von Arx,0.428571429,EURO,0.214285714,0.173076923,L,2000,271,,0.577777778,0.273972603,0.274509804,0.303797468,0.150313152,0.552,0.166666667,0.095238095,0,0.043478261,0.083333333,0.375,19,217,yes
8468753,Roman Simicek,0.785714286,EURO,0.5,0.471153846,C,2000,273,,0.255555556,0.136986301,0.166666667,0.170886076,0.104384134,0.552,0.266666667,0.095238095,0.153846154,0.130434783,0.083333333,0.375,63,709,yes
8468766,Andrej Nedorost,0.142857143,EURO,0.428571429,0.365384615,L,2000,286,,0.733333333,0.095890411,0.049019608,0.075949367,0.091858038,0.552,0,0,0,0,0,0.375,28,318,yes
8468704,Antti Miettinen,0.142857143,EURO,0.357142857,0.278846154,R,2000,224,,0.855555556,0.410958904,0.539215686,0.537974684,0.079331942,0.552,0.3,0.095238095,0.230769231,0.173913043,0.016666667,0.375,169,2172,yes
8468700,Paul Gaustad,0,USA,0.714285714,0.634615385,C,2000,220,,0.622222222,0.082191781,0.078431373,0.088607595,0.229645094,0.552,0,0,0,0,0,0.375,133,1670,yes
8468694,Peter Bartos,0.642857143,EURO,0.357142857,0.230769231,L,2000,214,,0.677777778,0.356164384,0.254901961,0.329113924,0.054279749,0.552,0.1,0,0.038461538,0.02173913,0.05,0.375,13,180,yes
8468561,Alexandre Kharitonov,0.428571429,EURO,0.071428571,0.086538462,R,2000,81,,0.455555556,0.219178082,0.225490196,0.246835443,0.058455115,0.552,0.566666667,0.380952381,0.153846154,0.260869565,0.083333333,0.375,71,789,yes
8468577,Niclas Wallin,0.5,EURO,0.571428571,0.567307692,D,2000,97,,0.588888889,0.109589041,0.098039216,0.113924051,0.173277662,0.552,0.366666667,0.095238095,0.038461538,0.065217391,0.116666667,0.375,340,5558,yes
8468578,Jonas Ronnqvist,0.642857143,EURO,0.5,0.375,R,2000,98,,0.622222222,0.205479452,0.264705882,0.265822785,0.087682672,0.552,0.266666667,0.142857143,0.115384615,0.130434783,0.033333333,0.375,38,403,yes
8468598,Lubomir Visnovsky,0.428571429,EURO,0.214285714,0.298076923,D,2000,118,,0.677777778,0.287671233,0.294117647,0.32278481,0.083507307,0.552,0.266666667,0.238095238,0.115384615,0.173913043,0.133333333,0.375,417,8587,yes
8468612,Maxim Sushinsky,0.571428571,EURO,0.142857143,0.182692308,R,2000,132,,0.477777778,0.301369863,0.245098039,0.297468354,0.121085595,0.552,0.266666667,0.095238095,0.192307692,0.152173913,0.05,0.375,30,420,yes
8468613,Petteri Nummelin,0.714285714,EURO,0.214285714,0.259615385,D,2000,133,,0.544444444,0.232876712,0.264705882,0.278481013,0.041753653,0.552,0.166666667,0,0.115384615,0.065217391,0,0.375,112,2084,yes
8468615,Michael Danton,0.142857143,CAN,0.142857143,0.288461538,C,2000,135,,0.7,0.479452055,0.529411765,0.563291139,0.450939457,0.552,1,0.380952381,0.653846154,0.543478261,1,0.375,87,979,yes
8468654,Jarno Kultanen,0.642857143,EURO,0.5,0.355769231,D,2000,174,,0.566666667,0.109589041,0.098039216,0.113924051,0.171189979,0.552,0.366666667,0,0,0,0.066666667,0.375,102,1720,yes
8468656,Jukka Hentunen,0.571428571,EURO,0.214285714,0.278846154,R,2000,176,,0.688888889,0.273972603,0.303921569,0.32278481,0.183716075,0.552,0.266666667,0.19047619,0.076923077,0.130434783,0.1,0.375,38,440,yes
8468660,Darcy Hordichuk,0.142857143,CAN,0.428571429,0.519230769,L,2000,180,,0.7,0.082191781,0.078431373,0.088607595,0.561586639,0.552,0.366666667,0.19047619,0.076923077,0.130434783,0.358333333,0.375,257,1528,yes
8468770,Simon Gamache,0.071428571,CAN,0.214285714,0.240384615,L,2000,290,,0.8,0.876712329,0.774509804,0.905063291,0.154488518,0.552,0,0,0,0,0,0.375,37,390,yes
8467541,Petr Hubacek,0.071428571,EURO,0.5,0.230769231,C,1998,243,,0.722222222,0.205479452,0.147058824,0.189873418,0,0.552,0,0,0,0,0,0.375,6,68,yes
8459069,Jiri Dopita,0.857142857,EURO,0.642857143,0.586538462,C,1998,123,,0.8,0.369863014,0.401960784,0.430379747,0.154488518,0.552,0.333333333,0.571428571,0.230769231,0.391304348,0.033333333,0.375,73,1082,yes
8467371,Mike Ribeiro,0,CAN,0.357142857,0.173076923,C,1998,45,,0.744444444,0.547945205,0.833333333,0.791139241,0.114822547,0.552,0.2,0.142857143,0.038461538,0.086956522,0,0.375,197,2782,yes
8467372,Justin Papineau,0.142857143,CAN,0.285714286,0.182692308,C,2000,75,,0.666666667,0.547945205,0.352941176,0.481012658,0.108559499,0.696,0.533333333,0.19047619,0.461538462,0.347826087,0.133333333,0.375,81,696,yes
8467381,Ryan Barnes,0,CAN,0.428571429,0.384615385,L,1998,55,,0.511111111,0.178082192,0.176470588,0.196202532,0.231732777,0.552,0.333333333,0,0.076923077,0.043478261,0.2,0.375,2,5,yes
8467383,Tyler Bouck,0,CAN,0.357142857,0.336538462,L,1998,57,,0.722222222,0.150684932,0.254901961,0.234177215,0.187891441,0.552,0.366666667,0.047619048,0,0.02173913,0.175,0.375,73,646,yes
8467389,Brad Richards,0,CAN,0.357142857,0.365384615,C,1998,64,,0.755555556,0.452054795,0.803921569,0.727848101,0.091858038,0.552,0.633333333,0.380952381,0.923076923,0.695652174,0.016666667,0.375,326,6257,yes
8467393,Jarkko Ruutu,0.357142857,EURO,0.428571429,0.413461538,L,1998,68,,0.522222222,0.150684932,0.098039216,0.132911392,0.379958246,0.552,0.3,0.333333333,0.153846154,0.239130435,0.083333333,0.375,185,1929,yes
8467403,Peter Nordstrom,0.428571429,EURO,0.428571429,0.375,R,1998,78,,0.5,0.082191781,0.18627451,0.158227848,0.096033403,0.552,0.4,0.238095238,0.269230769,0.260869565,0.066666667,0.375,2,16,yes
8467407,Brian Gionta,0.071428571,USA,0,0.163461538,R,1998,82,,0.444444444,0.410958904,0.31372549,0.392405063,0.091858038,0.552,0,0,0,0,0,0.375,166,2403,yes
8467408,Matt Walker,0,CAN,0.642857143,0.519230769,D,1998,83,,0.711111111,0.02739726,0.12745098,0.094936709,0.258872651,0.552,0.666666667,0,0,0,0.191666667,0.375,30,337,yes
8467414,Ryan Jardine,0,CAN,0.357142857,0.471153846,L,1998,89,,0.722222222,0.383561644,0.31372549,0.379746835,0.033402923,0.552,0,0,0,0,0,0.375,8,71,yes
8467356,Ramzi Abid,0.142857143,CAN,0.5,0.471153846,L,2000,85,,0.8,0.917808219,0.892156863,1,0.436325678,0.864,0.466666667,0.761904762,0.653846154,0.717391304,0.216666667,0.375,68,824,yes
8467336,Mike Rupp,0.142857143,USA,0.714285714,0.711538462,L,2000,76,,0.644444444,0.438356164,0.205882353,0.335443038,0.279749478,0.584,0.433333333,0.238095238,0.192307692,0.217391304,0.183333333,0.375,199,1796,yes
8466394,Brad Moran,0.071428571,CAN,0.285714286,0.201923077,C,1998,191,,0.8,0.726027397,0.480392157,0.64556962,0.133611691,0.552,0.6,0.476190476,0.307692308,0.391304348,0.166666667,0.375,5,43,yes
8464963,Lance Ward,0.142857143,CAN,0.571428571,0.509615385,R,1998,63,,0.788888889,0.109589041,0.245098039,0.208860759,0.486430063,0.496,0.166666667,0,0,0,0.133333333,0.375,209,2395,yes
8465003,Pierre Dagenais,0.142857143,CAN,0.714285714,0.548076923,R,1998,105,,0.666666667,0.904109589,0.656862745,0.841772152,0.104384134,0.872,0.2,0.285714286,0.076923077,0.173913043,0.016666667,0.375,110,1320,yes
8465016,Scott Parker,0.142857143,USA,0.714285714,0.759615385,R,1998,20,,0.788888889,0.410958904,0.215686275,0.329113924,0.507306889,0.52,0.233333333,0.285714286,0,0.130434783,0.191666667,0.375,252,1401,yes
8465020,Gordie Dwyer,0.142857143,CAN,0.571428571,0.394230769,L,1998,152,,0.655555556,0.246575342,0.264705882,0.284810127,0.762004175,0.6,0.466666667,0.19047619,0.346153846,0.282608696,0.558333333,0.375,108,616,yes
8465028,Boyd Kane,0.142857143,CAN,0.5,0.653846154,L,1998,114,,0.755555556,0.657534247,0.441176471,0.588607595,0.277661795,0.856,0.3,0.238095238,0.269230769,0.260869565,0.241666667,0.375,7,70,yes
8465165,Evgeny Korolev,0.142857143,EURO,0.428571429,0.509615385,D,1998,182,,0.711111111,0.123287671,0.303921569,0.253164557,0.1565762,0.432,0.5,0.095238095,0.269230769,0.195652174,0.241666667,0.375,42,584,yes
8466130,Andrei Bashkirov,0.714285714,EURO,0.357142857,0.519230769,L,1998,132,,0.922222222,0.424657534,0.529411765,0.537974684,0.043841336,0.552,0.133333333,0.095238095,0.076923077,0.086956522,0.016666667,0.375,30,289,yes
8466145,Nick Boynton,0.142857143,CAN,0.428571429,0.548076923,D,1999,21,,0.622222222,0.164383562,0.529411765,0.417721519,0.181628392,0.976,0.466666667,0.095238095,0.576923077,0.369565217,0.183333333,0.375,299,6308,yes
8466211,Robert Schnabel,0.142857143,EURO,0.714285714,0.682692308,D,1998,129,,0.677777778,0.01369863,0.215686275,0.14556962,0.298538622,0.552,0.166666667,0,0,0,0.133333333,0.375,22,303,yes
8466349,Kent McDonell,0.142857143,CAN,0.5,0.326923077,R,1999,181,,0.666666667,0.424657534,0.37254902,0.436708861,0.229645094,0.808,0.366666667,0.19047619,0.115384615,0.152173913,0.3,0.375,32,324,yes
8467417,Eric Beaudoin,0,CAN,0.714285714,0.567307692,L,1998,92,,0.688888889,0.123287671,0.12745098,0.139240506,0.089770355,0.552,0.566666667,0.142857143,0.153846154,0.152173913,0.066666667,0.375,53,596,yes
8467418,Tommy Vestlund,0.428571429,EURO,0.357142857,0.394230769,L,1998,93,,0.511111111,0.397260274,0.088235294,0.240506329,0.09394572,0.552,0.1,0,0.038461538,0.02173913,0,0.375,203,2023,yes
8467422,Rob Davison,0,CAN,0.5,0.519230769,D,1998,98,,0.655555556,0,0.107843137,0.069620253,0.417536534,0.552,0,0,0,0,0,0.375,70,1058,yes
8467469,Allan Rourke,0,CAN,0.5,0.519230769,D,1998,154,,0.533333333,0.068493151,0.166666667,0.139240506,0.123173278,0.552,0.2,0.047619048,0.038461538,0.043478261,0.05,0.375,25,311,yes
8467475,Jesse Fibiger,0.142857143,CAN,0.571428571,0.519230769,D,1998,178,,0.444444444,0.04109589,0.058823529,0.056962025,0.171189979,0.552,0,0,0,0,0,0.375,16,97,yes
8467483,Tyler Arnason,0.071428571,USA,0.285714286,0.413461538,C,1998,183,,0.577777778,0.506849315,0.441176471,0.518987342,0.033402923,0.552,0.133333333,0.047619048,0.038461538,0.043478261,0.016666667,0.375,185,2744,yes
8467488,Erik Westrum,0.071428571,USA,0.357142857,0.413461538,C,1998,187,,0.433333333,0.082191781,0.117647059,0.113924051,0.089770355,0.552,0,0,0,0,0,0.375,15,240,yes
8467493,Chris Neil,0.071428571,CAN,0.428571429,0.461538462,R,1998,161,,0.655555556,0.356164384,0.284313725,0.348101266,0.482254697,0.552,0,0,0,0,0,0.375,222,1846,yes
8467514,Pavel Datsyuk,0.142857143,EURO,0.285714286,0.317307692,C,1998,171,,0.511111111,0.136986301,0.12745098,0.14556962,0.016701461,0.552,0,0,0,0,0,0.375,209,3313,yes
8467516,Niko Kapanen,0.142857143,EURO,0.071428571,0.182692308,C,1998,173,,0.633333333,0.150684932,0.235294118,0.221518987,0.096033403,0.552,0,0,0,0,0,0.375,158,2060,yes
8467519,Karlis Skrastins,0.428571429,EURO,0.5,0.451923077,D,1998,230,,0.6,0.054794521,0.156862745,0.126582278,0.152400835,0.552,0.133333333,0,0,0,0,0.375,389,7958,yes
8467527,Jan Mertzig,0.714285714,EURO,0.642857143,0.548076923,D,1998,235,,0.5,0.095890411,0.078431373,0.094936709,0.056367432,0.552,0.1,0.047619048,0,0.02173913,0.033333333,0.375,23,277,yes
8467534,Johan Witehall,0.571428571,EURO,0.428571429,0.355769231,L,1998,207,,0.522222222,0.205479452,0.039215686,0.120253165,0.075156576,0.552,0.066666667,0,0,0,0.016666667,0.375,54,497,yes
8467540,Jim Fahey,0.071428571,USA,0.357142857,0.423076923,D,1998,212,,0.266666667,0.164383562,0.31372549,0.278481013,0.058455115,0.552,0,0,0,0,0,0.375,58,1042,yes
8467468,Pavel Patera,0.642857143,EURO,0.428571429,0.192307692,L,1998,153,,0.677777778,0.219178082,0.225490196,0.246835443,0.129436326,0.552,0,0,0,0,0,0.375,32,458,yes
8467466,Trent Hunter,0,CAN,0.571428571,0.538461538,R,1998,150,,0.666666667,0.178082192,0.137254902,0.170886076,0.070981211,0.552,0.266666667,0.047619048,0,0.02173913,0.033333333,0.375,85,1302,yes
8467423,Shawn Horcoff,0.142857143,CAN,0.428571429,0.471153846,C,1998,99,,0.377777778,0.191780822,0.12745098,0.170886076,0.104384134,0.552,0,0,0,0,0,0.375,268,3595,yes
8467425,Petr Schastlivy,0.071428571,EURO,0.428571429,0.413461538,L,1998,101,,0.566666667,0.205479452,0.088235294,0.151898734,0.070981211,0.552,0,0,0,0,0,0.375,129,1455,yes
8467427,Kip Brennan,0,CAN,0.642857143,0.663461538,L,1998,103,,0.533333333,0,0.098039216,0.063291139,0.392484342,0.552,0,0,0,0,0,0.375,46,219,yes
8467429,Chris Corrinet,0.142857143,USA,0.571428571,0.567307692,R,1998,107,,0.344444444,0.04109589,0.058823529,0.056962025,0.045929019,0.552,0,0,0,0,0,0.375,8,81,yes
8467439,Jaroslav Spacek,0.428571429,EURO,0.357142857,0.471153846,D,1998,117,,0.633333333,0.164383562,0.18627451,0.196202532,0.144050104,0.552,0.4,0.095238095,0.192307692,0.152173913,0.116666667,0.375,420,9069,yes
8467440,Mike Siklenka,0.071428571,CAN,0.714285714,0.759615385,R,1998,118,,0.6,0.136986301,0.166666667,0.170886076,0.250521921,0.552,0,0,0,0,0,0.375,2,6,yes
8467444,Patrick Leahy,0.071428571,USA,0.571428571,0.375,R,1998,122,,0.311111111,0,0.009803922,0.006329114,0.050104384,0.552,0,0,0,0,0,0.375,6,33,yes
8467445,Francis Belanger,0.142857143,CAN,0.5,0.692307692,L,1998,124,,0.7,0.547945205,0.323529412,0.462025316,0.795407098,0.552,0.566666667,0.666666667,0.307692308,0.47826087,0.508333333,0.375,10,45,yes
8467452,Rob Scuderi,0.142857143,USA,0.428571429,0.528846154,D,1998,134,,0.466666667,0,0.235294118,0.151898734,0.025052192,0.552,0,0,0,0,0,0.375,13,261,yes
8467461,Ryan Flinn,0,CAN,0.642857143,0.711538462,L,1998,143,,0.655555556,0.054794521,0.117647059,0.101265823,0.45302714,0.552,0.5,0.047619048,0,0.02173913,0.525,0.375,29,139,yes
8467463,Mikael Samuelsson,0.285714286,EURO,0.5,0.548076923,R,1998,145,,0.566666667,0.219178082,0.098039216,0.164556962,0.167014614,0.552,0,0,0,0,0,0.375,188,2475,yes
8468491,Pavel Vorobiev,0,EURO,0.357142857,0.317307692,R,2000,11,0,0.644444444,0.328767123,0.215686275,0.291139241,0.075156576,0.552,0.333333333,0.095238095,0.076923077,0.086956522,0,0.375,57,788,yes
8468482,Dany Heatley,0.071428571,EURO,0.571428571,0.490384615,L,2000,2,0,0.544444444,0.438356164,0.31372549,0.405063291,0.075156576,0.552,0,0,0,0,0,0.375,354,7393,yes
8467875,Daniel Sedin,0.071428571,EURO,0.428571429,0.278846154,L,1999,2,0,0.722222222,0.356164384,0.264705882,0.335443038,0.050104384,0.552,0.433333333,0.19047619,0.307692308,0.260869565,0.116666667,0.375,397,5407,yes
8467354,Dmitri Kalinin,0,EURO,0.571428571,0.471153846,D,1998,18,0,0.355555556,0,0.039215686,0.025316456,0.06263048,0.552,0,0,0,0,0,0.375,283,5866,yes
8467329,Vincent Lecavalier,0,CAN,0.642857143,0.519230769,C,1998,1,0,0.722222222,0.616438356,0.705882353,0.740506329,0.252609603,0.552,0.6,0.714285714,1,0.891304348,0.383333333,0.375,467,8325,yes
8467055,Patrik Stefan,0.071428571,EURO,0.5,0.423076923,C,1999,1,0,0.366666667,0.150684932,0.235294118,0.221518987,0.054279749,0.552,0,0,0,0,0,0.375,414,6367,yes
8468490,Mikhail Yakubov,0,EURO,0.571428571,0.394230769,C,2000,10,0.004784689,0.4,0.219178082,0.254901961,0.265822785,0.037578288,0.552,0,0,0,0,0,0.375,53,634,yes
8468484,Rostislav Klesla,0,EURO,0.571428571,0.519230769,D,2000,4,0.004784689,0.744444444,0.219178082,0.284313725,0.284810127,0.363256785,0.552,0.2,0.047619048,0.038461538,0.043478261,0.175,0.375,328,6584,yes
8467877,Pavel Brendl,0,EURO,0.428571429,0.413461538,R,1999,4,0.004784689,0.755555556,1,0.598039216,0.848101266,0.083507307,0.552,0.666666667,1,0.961538462,1,0.15,0.375,78,910,yes
8467876,Henrik Sedin,0.071428571,EURO,0.5,0.211538462,C,1999,3,0.004784689,0.7,0.205479452,0.274509804,0.272151899,0.096033403,0.552,0.433333333,0.095238095,0.307692308,0.217391304,0.05,0.375,400,5699,yes
8467352,Vitaly Vishnevski,0,EURO,0.5,0.519230769,D,1998,5,0.004784689,0.666666667,0.150684932,0.166666667,0.17721519,0.405010438,0.552,0,0,0,0,0,0.375,334,5662,yes
8467330,David Legwand,0,USA,0.5,0.442307692,C,1998,2,0.004784689,0.733333333,0.739726027,0.5,0.664556962,0.121085595,0.552,0.5,0.380952381,0.461538462,0.434782609,0.2,0.375,362,5972,yes
8468492,Alexei Smirnov,0,EURO,0.571428571,0.519230769,L,2000,12,0.009569378,0.6,0.150684932,0.117647059,0.14556962,0.154488518,0.552,0,0,0,0,0,0.375,52,446,yes
8468486,Scott Hartnell,0,CAN,0.5,0.519230769,L,2000,6,0.009569378,0.688888889,0.369863014,0.539215686,0.518987342,0.258872651,0.552,0.2,0.142857143,0.076923077,0.108695652,0.05,0.375,436,6612,yes
8467899,Martin Havlat,0,EURO,0.5,0.471153846,R,1999,26,0.009569378,0.677777778,0.438356164,0.294117647,0.392405063,0.025052192,0.552,0.266666667,0,0,0,0,0.375,298,4632,yes
8467882,Jamie Lundmark,0,CAN,0.357142857,0.346153846,C,1999,9,0.009569378,0.777777778,0.547945205,0.5,0.575949367,0.252609603,0.552,0.366666667,0.238095238,0.153846154,0.195652174,0.2,0.375,164,2036,yes
8467359,Artem Chubarov,0.071428571,EURO,0.428571429,0.423076923,C,1998,31,0.009569378,0.411111111,0.054794521,0.058823529,0.063291139,0.008350731,0.552,0,0,0,0,0,0.375,228,3034,yes
8467332,Bryan Allen,0,CAN,0.714285714,0.596153846,D,1998,4,0.009569378,0.533333333,0.082191781,0.12745098,0.120253165,0.263048017,0.552,0.166666667,0,0.192307692,0.108695652,0.15,0.375,139,2041,yes
8468498,Brooks Orpik,0.142857143,USA,0.571428571,0.557692308,D,2000,18,0.014354067,0.5,0.02739726,0.098039216,0.075949367,0.225469729,0.552,0,0,0,0,0,0.375,219,3932,yes
8468483,Marian Gaborik,0,EURO,0.428571429,0.423076923,R,2000,3,0.014354067,0.7,0.465753425,0.235294118,0.367088608,0.096033403,0.552,0.166666667,0.047619048,0.076923077,0.065217391,0.016666667,0.375,408,7139,yes
8467878,Tim Connolly,0,USA,0.428571429,0.278846154,C,1999,5,0.014354067,0.577777778,0.479452055,0.333333333,0.436708861,0.121085595,0.552,0,0,0,0,0,0.375,388,6764,yes
8467348,Christian Backman,0,EURO,0.642857143,0.471153846,D,1998,24,0.014354067,0.422222222,0.150684932,0.205882353,0.202531646,0.033402923,0.552,0.233333333,0.095238095,0.115384615,0.108695652,0.05,0.375,70,1325,yes
8467331,Brad Stuart,0.071428571,CAN,0.5,0.519230769,D,1998,3,0.014354067,0.8,0.273972603,0.441176471,0.411392405,0.171189979,0.552,0.3,0.142857143,0.153846154,0.152173913,0.083333333,0.375,354,7453,yes
8467885,Denis Shvidki,0.071428571,EURO,0.5,0.471153846,R,1999,12,0.019138756,0.755555556,0.493150685,0.617647059,0.626582278,0.016701461,0.552,0.4,0.333333333,0.346153846,0.347826087,0.016666667,0.375,76,895,yes
8467886,Jani Rita,0,EURO,0.428571429,0.432692308,L,1999,13,0.019138756,0.711111111,0.164383562,0.147058824,0.170886076,0.098121086,0.552,0.2,0.047619048,0.038461538,0.043478261,0.066666667,0.375,66,574,yes
8468504,Brad Boyes,0,CAN,0.357142857,0.365384615,R,2000,24,0.019138756,0.788888889,0.493150685,0.480392157,0.537974684,0.087682672,0.552,0.433333333,0.285714286,0.307692308,0.304347826,0.083333333,0.375,164,2632,yes
8468494,Vaclav Nedorost,0,EURO,0.428571429,0.278846154,C,2000,14,0.023923445,0.722222222,0.219178082,0.147058824,0.196202532,0.033402923,0.552,0.1,0,0,0,0,0.375,99,1065,yes
8468485,Raffi Torres,0.071428571,CAN,0.357142857,0.519230769,L,2000,5,0.023923445,0.755555556,0.589041096,0.470588235,0.575949367,0.083507307,0.552,0.2,0.238095238,0.076923077,0.152173913,0.191666667,0.375,275,3518,yes
8467892,Kirill Safronov,0,EURO,0.5,0.519230769,D,1999,19,0.023923445,0.622222222,0.04109589,0.058823529,0.056962025,0.129436326,0.552,0,0,0,0,0,0.375,35,530,yes
8467347,Milan Kraft,0,EURO,0.642857143,0.490384615,C,1998,23,0.023923445,0.444444444,0.301369863,0.254901961,0.303797468,0.025052192,0.552,0.033333333,0,0,0,0,0.375,207,2778,yes
8467334,Manny Malhotra,0,CAN,0.5,0.442307692,C,1998,7,0.023923445,0.688888889,0.232876712,0.401960784,0.367088608,0.064718163,0.552,0.566666667,0.380952381,0.461538462,0.434782609,0.083333333,0.375,346,3453,yes
8468500,Alex Frolov,0,EURO,0.5,0.471153846,L,2000,20,0.028708134,0.577777778,0.520547945,0.215686275,0.379746835,0.108559499,0.552,0,0,0,0,0,0.375,307,5429,yes
8468488,Nikita Alexeev,0.071428571,EURO,0.785714286,0.634615385,R,2000,8,0.028708134,0.711111111,0.328767123,0.284313725,0.335443038,0.087682672,0.552,0.433333333,0.19047619,0.115384615,0.152173913,0.05,0.375,159,1993,yes
8467902,Michal Sivek,0,EURO,0.571428571,0.5,C,1999,29,0.028708134,0.533333333,0.109589041,0.12745098,0.132911392,0.104384134,0.552,0,0,0,0,0,0.375,38,497,yes
8467880,Kris Beech,0,CAN,0.571428571,0.480769231,C,1999,7,0.028708134,0.8,0.356164384,0.460784314,0.462025316,0.219206681,0.552,0.333333333,0.047619048,0.384615385,0.239130435,0.083333333,0.375,109,1397,yes
8467363,Christian Berglund,0,EURO,0.285714286,0.326923077,L,1998,37,0.028708134,0.333333333,0.315068493,0.18627451,0.265822785,0.183716075,0.552,0.066666667,0,0,0,0,0.375,86,954,yes
8467345,Mathieu Biron,0,CAN,0.785714286,0.692307692,D,1998,21,0.028708134,0.655555556,0.109589041,0.274509804,0.227848101,0.12526096,0.552,0.2,0,0.038461538,0.02173913,0.083333333,0.375,201,3362,yes
8468506,Brian Sutherby,0,CAN,0.5,0.451923077,C,2000,26,0.033492823,0.522222222,0.246575342,0.166666667,0.221518987,0.212943633,0.552,0.133333333,0.047619048,0.038461538,0.043478261,0.1,0.375,254,3047,yes
8467898,Mikhail Kuleshov,0,EURO,0.571428571,0.567307692,L,1999,25,0.033492823,0.555555556,0.150684932,0.098039216,0.132911392,0.112734864,0.552,0.1,0,0,0,0.033333333,0.375,3,34,yes
8467881,Taylor Pyatt,0,CAN,0.642857143,0.663461538,L,1999,8,0.033492823,0.755555556,0.506849315,0.37254902,0.474683544,0.198329854,0.552,0.133333333,0,0.153846154,0.086956522,0.05,0.375,308,4143,yes
8467343,Martin Skoula,0.071428571,EURO,0.571428571,0.625,D,1998,17,0.033492823,0.733333333,0.109589041,0.352941176,0.278481013,0.075156576,0.552,0.2,0.047619048,0.115384615,0.086956522,0.033333333,0.375,404,7929,yes
8467349,Jiri Fischer,0,EURO,0.714285714,0.653846154,D,1998,25,0.038277512,0.777777778,0.04109589,0.18627451,0.139240506,0.233820459,0.552,0.366666667,0.047619048,0.153846154,0.108695652,0.133333333,0.375,283,4679,yes
8467883,Branislav Mezei,0.071428571,EURO,0.642857143,0.711538462,D,1999,10,0.038277512,0.777777778,0.068493151,0.18627451,0.151898734,0.221294363,0.552,0.733333333,0,0.192307692,0.108695652,0.308333333,0.375,138,2131,yes
8467891,Konstantin Koltsov,0,EURO,0.357142857,0.548076923,L,1999,18,0.038277512,0.7,0.178082192,0.098039216,0.14556962,0.129436326,0.552,0.033333333,0,0,0,0.016666667,0.375,144,2079,yes
8468493,Ron Hainsey,0.071428571,USA,0.571428571,0.471153846,D,2000,13,0.038277512,0.411111111,0.054794521,0.088235294,0.082278481,0.050104384,0.552,0,0,0,0,0,0.375,167,3215,yes
8468507,Martin Samuelsson,0,EURO,0.5,0.346153846,L,2000,27,0.038277512,0.344444444,0.205479452,0.12745098,0.17721519,0.058455115,0.552,0.066666667,0.047619048,0,0.02173913,0.016666667,0.375,14,128,yes
8468510,Jeff Taffe,0.071428571,USA,0.571428571,0.442307692,L,2000,30,0.043062201,0.511111111,0.150684932,0.137254902,0.158227848,0.050104384,0.552,0,0,0,0,0,0.375,100,1148,yes
8468501,Anton Volchenkov,0,EURO,0.428571429,0.567307692,D,2000,21,0.043062201,0.466666667,0.04109589,0.098039216,0.082278481,0.108559499,0.552,0,0,0,0,0,0.375,229,4145,yes
8467884,Oleg Saprykin,0,EURO,0.428571429,0.278846154,L,1999,11,0.043062201,0.733333333,0.643835616,0.450980392,0.588607595,0.223382046,0.552,0.366666667,0.238095238,0.423076923,0.347826087,0.3,0.375,254,3295,yes
8467397,Dimitri Afanasenkov,0,EURO,0.5,0.461538462,L,1998,72,0.043062201,0.533333333,0.191780822,0.068627451,0.132911392,0.041753653,0.552,0,0,0,0,0,0.375,85,1004,yes
8467333,Rico Fata,0,CAN,0.357142857,0.509615385,L,1998,6,0.043062201,0.711111111,0.589041096,0.323529412,0.481012658,0.229645094,0.552,0.533333333,0.428571429,0.192307692,0.304347826,0.408333333,0.375,173,2357,yes
8467887,Jeff Jillson,0.071428571,USA,0.571428571,0.519230769,D,1999,14,0.04784689,0.488888889,0.068493151,0.18627451,0.151898734,0.160751566,0.552,0,0,0,0,0,0.375,140,2237,yes
8468487,Lars Jonsson,0,EURO,0.428571429,0.355769231,D,2000,7,0.04784689,0.5,0.219178082,0.215686275,0.240506329,0.11691023,0.552,0.066666667,0,0,0,0,0.375,8,99,yes
8468532,Shane Endicott,0.071428571,CAN,0.571428571,0.461538462,C,2000,52,0.04784689,0.777777778,0.315068493,0.31372549,0.348101266,0.129436326,0.552,0.233333333,0.047619048,0.230769231,0.152173913,0.05,0.375,45,514,yes
8468505,Steve Ott,0,CAN,0.357142857,0.307692308,C,2000,25,0.052631579,0.733333333,0.315068493,0.382352941,0.392405063,0.27348643,0.552,0.4,0.142857143,0.192307692,0.173913043,0.175,0.375,200,2124,yes
8467922,Brett Lysak,0.071428571,CAN,0.357142857,0.278846154,C,1999,49,0.052631579,0.677777778,0.534246575,0.480392157,0.556962025,0.175365344,0.552,0,0,0,0,0,0.375,2,7,yes
8467399,Julien Vauclair,0.071428571,EURO,0.357142857,0.375,D,1998,74,0.052631579,0.588888889,0.123287671,0.078431373,0.107594937,0.070981211,0.552,0.233333333,0,0,0,0.208333333,0.375,1,13,yes
8467344,Robyn Regehr,0,EURO,0.571428571,0.586538462,D,1998,19,0.052631579,0.722222222,0.054794521,0.098039216,0.088607595,0.250521921,0.552,0.166666667,0,0.115384615,0.065217391,0.066666667,0.375,363,7615,yes
8468503,Nathan Smith,0,CAN,0.5,0.432692308,C,2000,23,0.057416268,0.777777778,0.287671233,0.274509804,0.310126582,0.150313152,0.552,0.4,0.047619048,0.230769231,0.152173913,0.033333333,0.375,4,31,yes
8467914,Tony Salmelainen,0,EURO,0.142857143,0.230769231,L,1999,41,0.057416268,0.477777778,0.397260274,0.235294118,0.335443038,0.164926931,0.552,0.066666667,0.047619048,0.076923077,0.065217391,0.1,0.375,13,125,yes
8467896,Steve McCarthy,0,CAN,0.428571429,0.471153846,D,1999,23,0.057416268,0.666666667,0.260273973,0.333333333,0.335443038,0.164926931,0.552,0.2,0,0.192307692,0.108695652,0.066666667,0.375,201,3125,yes
8467369,Ossi Vaananen,0,EURO,0.642857143,0.519230769,D,1998,43,0.057416268,0.488888889,0.04109589,0.088235294,0.075949367,0.108559499,0.552,0.233333333,0,0.076923077,0.043478261,0.133333333,0.375,303,5895,yes
8467337,Jeff Heerema,0,CAN,0.5,0.490384615,R,1998,11,0.057416268,0.7,0.438356164,0.392156863,0.455696203,0.183716075,0.552,0.166666667,0.19047619,0.038461538,0.108695652,0.083333333,0.375,32,319,yes
8467338,Alex Tanguay,0.071428571,CAN,0.428571429,0.317307692,L,1998,12,0.062200957,0.644444444,0.671232877,0.382352941,0.556962025,0.070981211,0.552,0.166666667,0.333333333,0.230769231,0.282608696,0.033333333,0.375,379,6661,yes
8467510,Petr Svoboda,0,EURO,0.571428571,0.528846154,D,1998,35,0.062200957,0.344444444,0.01369863,0.039215686,0.03164557,0.033402923,0.552,0,0,0,0,0,0.375,18,269,yes
8467893,Barrett Heisten,0.071428571,USA,0.428571429,0.375,L,1999,20,0.062200957,0.444444444,0.191780822,0.196078431,0.215189873,0.167014614,0.552,0,0,0,0,0,0.375,10,76,yes
8468535,Antoine Vermette,0,CAN,0.428571429,0.355769231,C,2000,55,0.066985646,0.788888889,0.410958904,0.401960784,0.449367089,0.181628392,0.552,0.2,0,0.038461538,0.02173913,0.05,0.375,216,2922,yes
8467890,Barret Jackman,0,CAN,0.357142857,0.403846154,D,1999,17,0.066985646,0.811111111,0.123287671,0.362745098,0.291139241,0.540709812,0.552,0,0,0,0,0,0.375,161,3117,yes
8467421,Mikko Jokela,0,EURO,0.428571429,0.490384615,D,1998,96,0.066985646,0.6,0.109589041,0.12745098,0.132911392,0.083507307,0.552,0,0,0,0,0,0.375,1,5,yes
8467350,Mike Van Ryn,0.071428571,CAN,0.428571429,0.5,D,1998,26,0.066985646,0.5,0.054794521,0.137254902,0.113924051,0.100208768,0.552,0,0,0,0,0,0.375,148,3031,yes
8467335,Mark Bell,0,CAN,0.642857143,0.567307692,C,1998,8,0.071770335,0.611111111,0.465753425,0.254901961,0.379746835,0.181628392,0.552,0.433333333,0.285714286,0.192307692,0.239130435,0.116666667,0.375,257,3765,yes
8467917,Jordan Leopold,0.071428571,USA,0.428571429,0.432692308,D,1999,44,0.071770335,0.5,0.095890411,0.166666667,0.151898734,0.041753653,0.552,0,0,0,0,0,0.375,214,4667,yes
8468512,Tomas Kurka,0.071428571,EURO,0.285714286,0.278846154,L,2000,32,0.071770335,0.711111111,0.493150685,0.274509804,0.405063291,0.077244259,0.552,0.566666667,0.333333333,0.230769231,0.282608696,0.05,0.375,17,236,yes
8467928,Doug Janik,0.071428571,USA,0.5,0.480769231,D,1999,55,0.076555024,0.455555556,0.054794521,0.12745098,0.107594937,0.096033403,0.552,0,0,0,0,0,0.375,10,80,yes
8467901,Kristian Kudroc,0,EURO,0.857142857,0.903846154,D,1999,28,0.076555024,0.266666667,0,0.039215686,0.025316456,0.048016701,0.552,0,0,0,0,0,0.375,26,232,yes
8467353,Nik Antropov,0,EURO,0.785714286,0.807692308,C,1998,10,0.076555024,0.6,0.520547945,0.598039216,0.626582278,0.146137787,0.552,0,0,0,0,0,0.375,263,3490,yes
8467346,Simon Gagne,0,CAN,0.428571429,0.326923077,L,1998,22,0.076555024,0.588888889,0.410958904,0.382352941,0.436708861,0.054279749,0.552,0.4,0.523809524,0.192307692,0.347826087,0.191666667,0.375,354,5994,yes
8468542,Paul Martin,0.071428571,USA,0.428571429,0.375,D,2000,62,0.081339713,0.266666667,0.205479452,0.343137255,0.316455696,0.054279749,0.552,0,0,0,0,0,0.375,232,5365,yes
8467438,Miroslav Zalesak,0,EURO,0.428571429,0.480769231,R,1998,104,0.081339713,0.633333333,0.547945205,0.343137255,0.474683544,0.06263048,0.552,0,0,0,0,0,0.375,12,119,yes
8467361,Blair Betts,0,CAN,0.571428571,0.471153846,C,1998,33,0.081339713,0.788888889,0.479452055,0.401960784,0.481012658,0.079331942,0.552,0.366666667,0.19047619,0.230769231,0.217391304,0.066666667,0.375,35,402,yes
8467342,Eric Chouinard,0,USA,0.571428571,0.519230769,C,1998,16,0.086124402,0.8,0.616438356,0.431372549,0.563291139,0.045929019,0.552,0.466666667,0.333333333,0.384615385,0.369565217,0.05,0.375,89,969,yes
8467951,Mattias Weinhandl,0.071428571,EURO,0.357142857,0.326923077,R,1999,78,0.086124402,0.488888889,0.273972603,0.225490196,0.272151899,0.066805846,0.552,0.166666667,0.19047619,0.115384615,0.152173913,0.033333333,0.375,170,1952,yes
8468497,Alexei Mikhnov,0,EURO,0.714285714,0.375,L,2000,17,0.086124402,0.588888889,0.328767123,0.166666667,0.259493671,0.020876827,0.552,0,0,0,0,0,0.375,2,14,yes
8468508,Justin Williams,0.071428571,CAN,0.428571429,0.259615385,R,2000,28,0.086124402,0.755555556,0.506849315,0.450980392,0.525316456,0.096033403,0.552,0.766666667,0.666666667,0.615384615,0.652173913,0.083333333,0.375,422,7301,yes
8468496,Marcel Hossa,0.071428571,EURO,0.571428571,0.567307692,L,2000,16,0.090909091,0.744444444,0.328767123,0.294117647,0.341772152,0.137787056,0.552,0,0,0,0,0,0.375,187,2294,yes
8467908,Milan Bartovic,0,EURO,0.285714286,0.346153846,R,1999,35,0.090909091,0.588888889,0.561643836,0.362745098,0.493670886,0.141962422,0.552,0.2,0.428571429,0.115384615,0.260869565,0.083333333,0.375,50,538,yes
8467499,Tomas Zizka,0.071428571,EURO,0.428571429,0.355769231,D,1998,163,0.090909091,0.488888889,0.04109589,0.068627451,0.063291139,0.004175365,0.552,0,0,0,0,0,0.375,25,408,yes
8467351,Scott Gomez,0.071428571,USA,0.285714286,0.375,C,1998,27,0.090909091,0.577777778,0.178082192,0.362745098,0.316455696,0.123173278,0.552,0,0,0,0,0,0.375,394,6370,yes
8468531,Kris Vernarsky,0,USA,0.571428571,0.442307692,C,2000,51,0.09569378,0.711111111,0.219178082,0.215686275,0.240506329,0.131524008,0.552,0.633333333,0.142857143,0.230769231,0.195652174,0.2,0.375,17,164,yes
8467903,Luke Sellars,0,CAN,0.428571429,0.471153846,D,1999,30,0.09569378,0.666666667,0.068493151,0.18627451,0.151898734,0.194154489,0.552,0.433333333,0.095238095,0.076923077,0.086956522,0.108333333,0.375,1,3,yes
8467416,Josef Vasicek,0,EURO,0.714285714,0.509615385,C,1998,91,0.09569378,0.377777778,0.178082192,0.196078431,0.208860759,0,0.552,0,0,0,0,0,0.375,293,4297,yes
8467357,Jonathan Cheechoo,0,CAN,0.428571429,0.432692308,R,1998,29,0.09569378,0.711111111,0.424657534,0.441176471,0.481012658,0.129436326,0.552,0.333333333,0.19047619,0.076923077,0.130434783,0.083333333,0.375,147,2018,yes
8467918,Martin Grenier,0.071428571,CAN,0.714285714,0.807692308,D,1999,45,0.100478469,0.666666667,0.095890411,0.176470588,0.158227848,1,0.552,0.433333333,0,0.153846154,0.086956522,0.241666667,0.375,15,97,yes
8467924,Matt Murley,0.142857143,USA,0.5,0.432692308,L,1999,51,0.105263158,0.4,0.232876712,0.31372549,0.310126582,0.066805846,0.552,0,0,0,0,0,0.375,59,682,yes
8468064,Martin Erat,0,EURO,0.357142857,0.336538462,R,1999,191,0.105263158,0.511111111,0.287671233,0.245098039,0.291139241,0.029227557,0.552,0,0,0,0,0,0.375,263,3717,yes
8468523,Matt Pettinger,0.142857143,CAN,0.428571429,0.423076923,L,2000,43,0.110047847,0.588888889,0.273972603,0.117647059,0.202531646,0.196242171,0.552,0.366666667,0.095238095,0.230769231,0.173913043,0.25,0.375,278,3658,yes
8467915,Mike Commodore,0.142857143,CAN,0.642857143,0.634615385,D,1999,42,0.110047847,0.433333333,0.068493151,0.078431373,0.082278481,0.321503132,0.552,0,0,0,0,0,0.375,147,2090,yes
8467379,Steve Moore,0.142857143,CAN,0.5,0.423076923,C,1998,53,0.110047847,0.366666667,0.136986301,0.225490196,0.208860759,0.096033403,0.552,0,0,0,0,0,0.375,69,840,yes
8467358,Kyle Rossiter,0,CAN,0.571428571,0.567307692,D,1998,30,0.114832536,0.677777778,0.082191781,0.156862745,0.139240506,0.396659708,0.552,0.633333333,0,0.115384615,0.065217391,0.316666667,0.375,11,129,yes
8467491,Rickard Wallin,0,EURO,0.5,0.326923077,C,1998,160,0.114832536,0.388888889,0.301369863,0.31372549,0.341772152,0.100208768,0.552,0.066666667,0.047619048,0.038461538,0.043478261,0.016666667,0.375,19,246,yes
8467931,Matt Carkner,0.071428571,CAN,0.714285714,0.653846154,D,1999,58,0.114832536,0.666666667,0.02739726,0.156862745,0.113924051,0.361169102,0.552,0.166666667,0,0,0,0.166666667,0.375,1,6,yes
8468502,David Hale,0.071428571,USA,0.428571429,0.586538462,D,2000,22,0.114832536,0.6,0.082191781,0.176470588,0.151898734,0.39039666,0.552,0.166666667,0,0.076923077,0.043478261,0.05,0.375,157,2024,yes
8468520,Kurtis Foster,0.071428571,CAN,0.714285714,0.615384615,D,2000,40,0.119617225,0.755555556,0.082191781,0.176470588,0.151898734,0.24217119,0.552,0.166666667,0.047619048,0.076923077,0.065217391,0.033333333,0.375,120,2182,yes
8468509,Niklas Kronwall,0.071428571,EURO,0.357142857,0.317307692,D,2000,29,0.119617225,0.488888889,0.082191781,0.049019608,0.069620253,0.054279749,0.552,0.266666667,0,0,0,0.066666667,0.375,115,2235,yes
8467920,Sheldon Keefe,0.071428571,CAN,0.285714286,0.230769231,R,1999,47,0.119617225,0.733333333,0.698630137,0.637254902,0.734177215,0.292275574,0.552,0.333333333,0.238095238,0.192307692,0.217391304,0.258333333,0.375,125,1278,yes
8467362,Chris Nielsen,0,EURO,0.5,0.509615385,R,1998,36,0.119617225,0.755555556,0.301369863,0.284313725,0.32278481,0.064718163,0.552,0.6,0.095238095,0.153846154,0.130434783,0.083333333,0.375,52,553,yes
8467889,David Tanabe,0.071428571,USA,0.428571429,0.490384615,D,1999,16,0.124401914,0.455555556,0.136986301,0.12745098,0.14556962,0.100208768,0.552,0,0,0,0,0,0.375,371,6967,yes
8468499,Krys Kolanos,0.071428571,CAN,0.5,0.326923077,C,2000,19,0.124401914,0.466666667,0.219178082,0.156862745,0.202531646,0.100208768,0.552,0,0,0,0,0,0.375,115,1476,yes
8467907,Ross Lupaschuk,0,CAN,0.428571429,0.548076923,D,1999,34,0.129186603,0.744444444,0.109589041,0.196078431,0.17721519,0.265135699,0.552,0.466666667,0.19047619,0.346153846,0.282608696,0.133333333,0.375,3,49,yes
8467355,Andrew Peters,0,CAN,0.642857143,0.759615385,L,1998,34,0.129186603,0.666666667,0.150684932,0.068627451,0.113924051,0.459290188,0.552,0.233333333,0.095238095,0,0.043478261,0.158333333,0.375,42,175,yes
8467365,John Erskine,0,CAN,0.642857143,0.567307692,D,1998,39,0.133971292,0.611111111,0,0.088235294,0.056962025,0.427974948,0.552,0.533333333,0,0.192307692,0.108695652,0.208333333,0.375,81,929,yes
8468517,Andy Hilbert,0.071428571,USA,0.214285714,0.259615385,L,2000,37,0.133971292,0.466666667,0.246575342,0.156862745,0.215189873,0.081419624,0.552,0,0,0,0,0,0.375,166,1934,yes
8467360,Stephen Peat,0,CAN,0.5,0.711538462,R,1998,32,0.138755981,0.7,0.082191781,0.117647059,0.113924051,0.394572025,0.552,0.166666667,0,0,0,0.066666667,0.375,129,727,yes
8468541,Jakub Cutta,0.071428571,EURO,0.571428571,0.509615385,D,2000,61,0.138755981,0.788888889,0.02739726,0.117647059,0.088607595,0.237995825,0.552,0.4,0,0.076923077,0.043478261,0.2,0.375,8,109,yes
8467910,Nolan Yonkman,0,CAN,0.785714286,0.826923077,D,1999,37,0.14354067,0.677777778,0.01369863,0.058823529,0.044303797,0.269311065,0.552,0.2,0,0,0,0.05,0.375,50,457,yes
8467392,Alex Henry,0.071428571,CAN,0.785714286,0.673076923,D,1998,67,0.14354067,0.688888889,0.068493151,0.088235294,0.088607595,0.202505219,0.552,0.533333333,0,0.115384615,0.065217391,0.116666667,0.375,112,1216,yes
8467387,Joe Dipenta,0.071428571,CAN,0.5,0.567307692,D,1998,61,0.153110048,0.422222222,0.02739726,0.156862745,0.113924051,0.104384134,0.552,0,0,0,0,0,0.375,3,47,yes
8467906,Jonas Andersson,0,EURO,0.571428571,0.413461538,R,1999,33,0.153110048,0.5,0.109589041,0.12745098,0.132911392,0.050104384,0.552,0,0,0,0,0,0.375,5,46,yes
8467926,Brad Ralph,0.071428571,CAN,0.5,0.355769231,L,1999,53,0.153110048,0.744444444,0.424657534,0.431372549,0.474683544,0.194154489,0.552,0.466666667,0.333333333,0.269230769,0.304347826,0.083333333,0.375,1,5,yes
8468544,Filip Novak,0,EURO,0.357142857,0.403846154,D,2000,64,0.153110048,0.522222222,0.095890411,0.31372549,0.246835443,0.146137787,0.552,0.233333333,0.047619048,0.153846154,0.108695652,0.041666667,0.375,17,164,yes
8468558,Jozef Balej,0,EURO,0.357142857,0.326923077,R,2000,78,0.157894737,0.788888889,0.301369863,0.274509804,0.316455696,0.077244259,0.552,0,0,0,0,0,0.375,18,229,yes
8467964,Mike Comrie,0.071428571,CAN,0.214285714,0.230769231,C,1999,91,0.157894737,0.466666667,0.260273973,0.245098039,0.278481013,0.079331942,0.552,0,0,0,0,0,0.375,321,5184,yes
8467502,Ales Kotalik,0.142857143,EURO,0.428571429,0.615384615,R,1998,164,0.157894737,0.522222222,0.123287671,0.068627451,0.101265823,0.029227557,0.552,0,0,0,0,0,0.375,143,2141,yes
8467378,Bobby Allen,0.142857143,USA,0.357142857,0.384615385,D,1998,52,0.157894737,0.444444444,0.095890411,0.205882353,0.17721519,0.102296451,0.552,0,0,0,0,0,0.375,1,3,yes
8468566,Yanick Lehoux,0,CAN,0.428571429,0.375,C,2000,86,0.162679426,0.744444444,0.424657534,0.598039216,0.582278481,0.029227557,0.552,0.2,0.047619048,0.076923077,0.065217391,0.016666667,0.375,10,117,yes
8467967,Chris Kelly,0.071428571,CAN,0.357142857,0.278846154,C,1999,94,0.162679426,0.755555556,0.493150685,0.401960784,0.487341772,0.12526096,0.552,0.833333333,0.428571429,0.653846154,0.565217391,0.183333333,0.375,86,1048,yes
8467941,Zdenek Blatny,0,EURO,0.428571429,0.326923077,L,1999,68,0.167464115,0.488888889,0.246575342,0.147058824,0.208860759,0.052192067,0.552,0.366666667,0.19047619,0,0.086956522,0.2,0.375,25,235,yes
8468515,Brad Winchester,0.071428571,USA,0.714285714,0.663461538,L,2000,35,0.167464115,0.444444444,0.123287671,0.088235294,0.113924051,0.112734864,0.552,0,0,0,0,0,0.375,78,592,yes
8468548,Joel Lundqvist,0,EURO,0.428571429,0.317307692,C,2000,68,0.167464115,0.388888889,0.164383562,0.166666667,0.183544304,0.016701461,0.552,0.2,0.095238095,0.115384615,0.108695652,0.016666667,0.375,36,408,yes
8467388,Paul Manning,0.071428571,CAN,0.642857143,0.451923077,D,1998,62,0.177033493,0.333333333,0.01369863,0.049019608,0.037974684,0.033402923,0.552,0,0,0,0,0,0.375,8,104,yes
8467402,Mike Pandolfo,0.071428571,USA,0.571428571,0.567307692,L,1998,77,0.181818182,0.311111111,0.397260274,0.225490196,0.329113924,0.037578288,0.552,0,0,0,0,0,0.375,3,25,yes
8468527,Jared Aulin,0,CAN,0.357142857,0.298076923,C,2000,47,0.181818182,0.633333333,0.232876712,0.37254902,0.348101266,0.146137787,0.552,0.133333333,0,0.038461538,0.02173913,0.05,0.375,17,169,yes
8468545,David Morisset,0.071428571,CAN,0.428571429,0.288461538,R,2000,65,0.186602871,0.666666667,0.315068493,0.333333333,0.360759494,0.144050104,0.552,0.233333333,0.142857143,0.153846154,0.152173913,0.1,0.375,4,45,yes
8467927,Andrew Hutchinson,0.071428571,USA,0.5,0.326923077,D,1999,54,0.186602871,0.411111111,0.04109589,0.117647059,0.094936709,0.054279749,0.552,0,0,0,0,0,0.375,54,674,yes
8467396,Erik Cole,0.142857143,USA,0.5,0.423076923,L,1998,71,0.186602871,0.377777778,0.150684932,0.196078431,0.196202532,0.114822547,0.552,0,0,0,0,0,0.375,214,3647,yes
8467376,Jaroslav Kristek,0,EURO,0.428571429,0.230769231,R,1998,50,0.186602871,0.6,0.191780822,0.147058824,0.183544304,0.058455115,0.552,0,0,0,0,0,0.375,6,70,yes
8467370,Mike Fisher,0,CAN,0.428571429,0.528846154,C,1998,44,0.19138756,0.733333333,0.328767123,0.245098039,0.310126582,0.135699374,0.552,0.3,0.095238095,0.076923077,0.086956522,0.108333333,0.375,248,3529,yes
8468001,Derek MacKenzie,0,CAN,0.285714286,0.192307692,C,1999,128,0.19138756,0.755555556,0.301369863,0.637254902,0.550632911,0.154488518,0.552,0.133333333,0.095238095,0.153846154,0.130434783,0.016666667,0.375,24,166,yes
8468083,Henrik Zetterberg,0.071428571,EURO,0.357142857,0.346153846,L,1999,210,0.19138756,0.411111111,0.205479452,0.12745098,0.17721519,0.004175365,0.552,0.133333333,0.095238095,0.038461538,0.065217391,0.016666667,0.375,217,3859,yes
8467374,Jonathan Girard,0,CAN,0.285714286,0.298076923,D,1998,48,0.196172249,0.711111111,0.273972603,0.460784314,0.424050633,0.091858038,0.552,0.533333333,0.095238095,0.615384615,0.391304348,0.108333333,0.375,150,2574,yes
8467939,Dan Jancevski,0,CAN,0.571428571,0.586538462,D,1999,66,0.200956938,0.755555556,0.02739726,0.117647059,0.088607595,0.240083507,0.552,0.833333333,0.047619048,0.269230769,0.173913043,0.2,0.375,2,18,yes
8468568,Kurt Sauer,0.071428571,USA,0.642857143,0.586538462,D,2000,88,0.200956938,0.788888889,0.04109589,0.117647059,0.094936709,0.100208768,0.552,0.5,0.095238095,0.038461538,0.065217391,0.066666667,0.375,234,3975,yes
8467925,Adam Hall,0.071428571,USA,0.5,0.490384615,R,1999,52,0.210526316,0.466666667,0.219178082,0.078431373,0.151898734,0.158663883,0.552,0,0,0,0,0,0.375,234,3671,yes
8468056,Riku Hahl,0.071428571,EURO,0.428571429,0.423076923,C,1999,183,0.215311005,0.455555556,0,0.029411765,0.018987342,0.016701461,0.552,0.333333333,0,0.115384615,0.065217391,0.016666667,0.375,92,1015,yes
8467496,Andrei Markov,0.142857143,EURO,0.357142857,0.375,D,1998,162,0.215311005,0.555555556,0.178082192,0.068627451,0.126582278,0.185803758,0.552,0,0,0,0,0,0.375,267,5350,yes
8467384,Chris Bala,0.142857143,USA,0.428571429,0.307692308,L,1998,58,0.220095694,0.366666667,0.219178082,0.137254902,0.189873418,0.048016701,0.552,0,0,0,0,0,0.375,6,34,yes
8467557,Martin Cibak,0,EURO,0.428571429,0.403846154,C,1998,252,0.220095694,0.777777778,0.438356164,0.235294118,0.35443038,0.020876827,0.552,0,0,0,0,0,0.375,89,767,yes
8468035,Timo Helbling,0,EURO,0.571428571,0.605769231,D,1999,162,0.220095694,0.877777778,0.082191781,0.098039216,0.101265823,0.331941545,0.552,0.2,0.047619048,0.115384615,0.086956522,0.291666667,0.375,9,93,yes
8468584,Jon Disalvatore,0.071428571,USA,0.428571429,0.375,R,2000,104,0.220095694,0.422222222,0.205479452,0.117647059,0.170886076,0.025052192,0.552,0,0,0,0,0,0.375,5,42,yes
8467373,Norman Milley,0,CAN,0.357142857,0.480769231,R,1998,47,0.224880383,0.688888889,0.452054795,0.401960784,0.46835443,0.100208768,0.552,0.333333333,0,0.038461538,0.02173913,0.033333333,0.375,15,168,yes
8467943,Niklas Hagman,0.142857143,EURO,0.214285714,0.423076923,L,1999,70,0.224880383,0.577777778,0.123287671,0.166666667,0.164556962,0.127348643,0.552,0.133333333,0.047619048,0,0.02173913,0,0.375,317,4295,yes
8468085,Radim Vrbata,0,EURO,0.428571429,0.317307692,R,1999,212,0.224880383,0.6,0.301369863,0.37254902,0.379746835,0.033402923,0.552,0.766666667,0.285714286,0.5,0.413043478,0.05,0.375,269,3868,yes
8468575,Dominic Moore,0.142857143,CAN,0.357142857,0.298076923,C,2000,95,0.224880383,0.333333333,0.164383562,0.235294118,0.17721519,0.033402923,0.552,0,0,0,0,0,0.375,156,1941,yes
8467400,Francois Beauchemin,0,CAN,0.428571429,0.451923077,D,1998,75,0.234449761,0.777777778,0.164383562,0.343137255,0.297468354,0.275574113,0.552,0.533333333,0.047619048,0.115384615,0.086956522,0.191666667,0.375,1,17,yes
8468003,Justin Mapletoft,0,CAN,0.428571429,0.394230769,C,1999,130,0.248803828,0.8,0.328767123,0.215686275,0.291139241,0.169102296,0.552,0,0,0,0,0,0.375,38,301,yes
8467386,Denis Arkhipov,0.071428571,EURO,0.571428571,0.519230769,C,1998,60,0.253588517,0.322222222,0.02739726,0.019607843,0.025316456,0.004175365,0.552,0,0,0,0,0,0.375,273,3888,yes
8467535,Jaroslav Svoboda,0,EURO,0.571428571,0.384615385,L,1998,208,0.258373206,0.544444444,0.191780822,0.215686275,0.227848101,0,0.552,0,0,0,0,0,0.375,91,1093,yes
8468569,Libor Pivko,0.142857143,EURO,0.5,0.298076923,L,2000,89,0.258373206,0.577777778,0.178082192,0.156862745,0.183544304,0.102296451,0.552,0.133333333,0.142857143,0.153846154,0.152173913,0,0.375,1,7,yes
8468081,Vaclav Pletka,0.142857143,EURO,0.285714286,0.201923077,L,1999,208,0.263157895,0.288888889,0.232876712,0.058823529,0.14556962,0.054279749,0.552,0.333333333,0.095238095,0.038461538,0.065217391,0,0.375,1,12,yes
8468539,Ivan Huml,0.071428571,EURO,0.5,0.375,L,2000,59,0.263157895,0.544444444,0.726027397,0.5,0.658227848,0.150313152,0.552,0,0,0,0,0,0.375,49,604,yes
8468560,Ryan Bayda,0.142857143,CAN,0.285714286,0.230769231,L,2000,80,0.272727273,0.488888889,0.232876712,0.225490196,0.253164557,0.06263048,0.552,0,0,0,0,0,0.375,78,990,yes
8468082,Layne Ulmer,0.071428571,CAN,0.357142857,0.307692308,C,1999,209,0.282296651,0.8,0.547945205,0.343137255,0.474683544,0.070981211,0.552,0.2,0.095238095,0.038461538,0.065217391,0.033333333,0.375,1,9,yes
8467944,Jason Jaspers,0,CAN,0.285714286,0.442307692,C,1999,71,0.28708134,0.755555556,0.383561644,0.323529412,0.386075949,0.169102296,0.552,0.133333333,0.095238095,0.038461538,0.065217391,0.108333333,0.375,9,81,yes
8467988,Ryan Malone,0.142857143,USA,0.642857143,0.605769231,L,1999,115,0.291866029,0.566666667,0.191780822,0.215686275,0.227848101,0.169102296,0.552,0.4,0.095238095,0.153846154,0.130434783,0.191666667,0.375,158,2922,yes
8467961,Jimmie Olvestad,0.071428571,EURO,0.428571429,0.317307692,L,1999,88,0.306220096,0.555555556,0.04109589,0.049019608,0.050632911,0.050104384,0.552,0.133333333,0,0,0,0.066666667,0.375,111,1422,yes
8468554,Igor Radulov,0,EURO,0.428571429,0.240384615,L,2000,74,0.306220096,0.344444444,0.232876712,0.156862745,0.208860759,0,0.552,0,0,0,0,0,0.375,43,546,yes
8467966,Branko Radivojevic,0.071428571,EURO,0.357142857,0.451923077,R,1999,93,0.320574163,0.755555556,0.273972603,0.37254902,0.367088608,0.127348643,0.552,0.7,0.333333333,0.653846154,0.52173913,0.15,0.375,238,3159,yes
8468005,Roman Tvrdon,0,EURO,0.428571429,0.346153846,C,1999,132,0.320574163,0.622222222,0.328767123,0.264705882,0.32278481,0.050104384,0.552,0.2,0.19047619,0.153846154,0.173913043,0.033333333,0.375,9,96,yes
8468513,Nick Schultz,0,CAN,0.428571429,0.403846154,D,2000,33,0.320574163,0.833333333,0.150684932,0.333333333,0.284810127,0.079331942,0.552,0.2,0,0.115384615,0.065217391,0.016666667,0.375,367,6902,yes
8468604,Michel Ouellet,0,CAN,0.428571429,0.307692308,R,2000,124,0.330143541,0.8,0.493150685,0.519607843,0.563291139,0.079331942,0.552,0.466666667,0.19047619,0.192307692,0.195652174,0.116666667,0.375,123,1673,yes
8468626,David Koci,0.071428571,EURO,0.785714286,0.740384615,L,2000,146,0.344497608,0.522222222,0,0.058823529,0.037974684,0.258872651,0.552,0,0,0,0,0,0.375,9,43,yes
8468717,Zdenek Kutlak,0.142857143,EURO,0.571428571,0.471153846,D,2000,237,0.349282297,0.555555556,0.095890411,0.029411765,0.063291139,0.06263048,0.552,0.1,0,0,0,0.016666667,0.375,16,205,yes
8468161,Brandon Reid,0.071428571,CAN,0.142857143,0.182692308,C,2000,208,0.354066986,0.833333333,0.698630137,0.862745098,0.879746835,0.029227557,0.552,0.533333333,0.476190476,0.538461538,0.52173913,0.033333333,0.375,13,131,yes
8467909,Alexei Semenov,0,EURO,0.785714286,0.807692308,D,1999,36,0.354066986,0.522222222,0,0.039215686,0.025316456,0.100208768,0.552,0.066666667,0,0,0,0.033333333,0.375,119,2019,yes
8468670,Josh Olson,0.071428571,USA,0.571428571,0.721153846,L,2000,190,0.358851675,0.677777778,0.109589041,0.117647059,0.126582278,0.169102296,0.552,0.133333333,0,0,0,0.033333333,0.375,5,41,yes
8468118,Tommi Santala,0.142857143,EURO,0.571428571,0.471153846,C,1999,245,0.363636364,0.677777778,0.273972603,0.254901961,0.291139241,0.070981211,0.552,0.4,0.047619048,0.115384615,0.086956522,0.183333333,0.375,33,334,yes
8467500,Tomas Divisek,0.071428571,EURO,0.5,0.471153846,R,1998,195,0.368421053,0.544444444,0.301369863,0.156862745,0.240506329,0.041753653,0.552,0,0,0,0,0,0.375,5,48,yes
8467450,Tomas Kloucek,0,EURO,0.571428571,0.711538462,D,1998,131,0.377990431,0.477777778,0.01369863,0.088235294,0.063291139,0,0.552,0,0,0,0,0,0.375,140,1723,yes
8468090,Garnet Exelby,0,CAN,0.428571429,0.519230769,D,1999,217,0.387559809,0.677777778,0.068493151,0.029411765,0.050632911,0.189979123,0.552,0,0,0,0,0,0.375,161,2832,yes
8467977,Brian McGrattan,0,CAN,0.642857143,0.711538462,R,1999,104,0.401913876,0.655555556,0.109589041,0.12745098,0.132911392,0.350730689,0.552,0.133333333,0,0,0,0.066666667,0.375,60,253,yes
8467958,Peter Smrek,0.142857143,EURO,0.428571429,0.423076923,D,1999,85,0.406698565,0.644444444,0.082191781,0.264705882,0.208860759,0.131524008,0.552,0.466666667,0.095238095,0.269230769,0.195652174,0.066666667,0.375,28,429,yes
8467974,Juraj Kolnik,0.071428571,EURO,0.285714286,0.326923077,R,1999,101,0.425837321,0.688888889,0.575342466,0.411764706,0.53164557,0.083507307,0.552,0.366666667,0.428571429,0.230769231,0.326086957,0.05,0.375,176,2418,yes
8468732,Darryl Bootland,0.071428571,CAN,0.428571429,0.346153846,R,2000,252,0.425837321,0.722222222,0.328767123,0.294117647,0.341772152,0.346555324,0.552,0,0,0,0,0,0.375,28,159,yes
8467412,Alexei Ponikarovsky,0,EURO,0.642857143,0.615384615,L,1998,87,0.43062201,0.266666667,0.01369863,0.019607843,0.018987342,0.06263048,0.552,0,0,0,0,0,0.375,116,1237,yes
8468639,John-Michael Liles,0.142857143,USA,0.214285714,0.230769231,D,2000,159,0.488038278,0.444444444,0.109589041,0.196078431,0.17721519,0.054279749,0.552,0,0,0,0,0,0.375,232,4059,yes
8468682,Ryan Caldwell,0.071428571,CAN,0.5,0.125,D,2000,202,0.502392344,0.511111111,0.04109589,0.196078431,0.14556962,0.317327766,0.552,0,0,0,0,0,0.375,2,33,yes
8468086,Alexandre Giroux,0,CAN,0.571428571,0.451923077,L,1999,213,0.511961722,0.744444444,0.205479452,0.215686275,0.234177215,0.258872651,0.552,0.733333333,0.095238095,0.076923077,0.086956522,0.066666667,0.375,1,3,yes
8468114,Douglas Murray,0.071428571,EURO,0.571428571,0.759615385,D,1999,241,0.531100478,0.666666667,0.232876712,0.460784314,0.405063291,0.129436326,0.552,0,0,0,0,0,0.375,34,471,yes
8468025,Jordan Krestanovich,0,CAN,0.357142857,0.086538462,L,1999,152,0.535885167,0.688888889,0.082191781,0.12745098,0.120253165,0.020876827,0.552,0.666666667,0.142857143,0.307692308,0.239130435,0.033333333,0.375,22,211,yes
8468635,Travis Moen,0,CAN,0.5,0.519230769,L,2000,155,0.535885167,0.733333333,0.123287671,0.058823529,0.094936709,0.200417537,0.552,0.166666667,0.047619048,0.038461538,0.043478261,0.016666667,0.375,203,2542,yes
8468634,Matt Koalska,0.142857143,USA,0.357142857,0.423076923,C,2000,154,0.574162679,0.633333333,0.328767123,0.333333333,0.367088608,0.039665971,0.552,0.433333333,0.238095238,0.192307692,0.217391304,0.033333333,0.375,3,17,yes
8468650,Erik Reitz,0,USA,0.428571429,0.586538462,D,2000,170,0.602870813,0.755555556,0.02739726,0.107843137,0.082278481,0.185803758,0.552,1,0,0.230769231,0.130434783,0.4,0.375,6,77,yes
8466398,Tom Kostopoulos,0.142857143,CAN,0.357142857,0.346153846,R,1999,204,0.641148325,0.733333333,0.369863014,0.588235294,0.550632911,0.237995825,0.552,0.833333333,0.904761905,0.615384615,0.760869565,0.266666667,0.375,155,2015,yes
8468121,Darren Haydar,0.142857143,CAN,0.142857143,0.086538462,R,1999,248,0.674641148,0.455555556,0.424657534,0.294117647,0.386075949,0.070981211,0.552,0,0,0,0,0,0.375,2,18,yes
8468028,Niko Dimitrakos,0.142857143,USA,0.285714286,0.307692308,R,1999,155,0.741626794,0.388888889,0.109589041,0.18627451,0.170886076,0.068893528,0.552,0,0,0,0,0,0.375,153,1946,yes
8468745,Jean-Philippe Cote,0,CAN,0.5,0.528846154,D,2000,265,0.80861244,0.688888889,0,0.137254902,0.088607595,0.075156576,0.552,0.133333333,0,0.038461538,0.02173913,0.033333333,0.375,8,88,yes
8468738,Sean McMorrow,0,CAN,0.642857143,0.605769231,R,2000,258,0.866028708,0.688888889,0,0.019607843,0.012658228,0.296450939,0.552,0.133333333,0,0,0,0.1,0.375,1,1,yes
8468095,George Parros,0.142857143,USA,0.714285714,0.605769231,R,1999,222,0.885167464,0.6,0.410958904,0.196078431,0.316455696,0.263048017,0.552,0,0,0,0,0,0.375,55,271,yes
8468707,Guillaume Lefebvre,0.071428571,CAN,0.428571429,0.375,L,2000,227,0.90430622,0.788888889,0.452054795,0.392156863,0.462025316,0.252609603,0.552,0.366666667,0.19047619,0,0.086956522,0.208333333,0.375,38,443,yes
8467957,Brad Fast,0.071428571,CAN,0.357142857,0.230769231,D,1999,84,0.909090909,0.655555556,0.369863014,0.450980392,0.462025316,0,0.552,0,0,0,0,0,0.375,1,21,yes
8468636,Greg Zanon,0.142857143,CAN,0.285714286,0.384615385,D,2000,156,0.95215311,0.466666667,0.04109589,0.254901961,0.183544304,0.11691023,0.552,0,0,0,0,0,0.375,70,1212,yes
8468617,Mike Stuart,0.142857143,USA,0.357142857,0.326923077,D,2000,137,0.995215311,0.433333333,0.02739726,0.049019608,0.044303797,0.058455115,0.552,0,0,0,0,0,0.375,3,32,yes