player_id,jersey_no,first_name,last_name,team_id,games_played,total_ice_time,ev_icetime,goals,primary_assists,secondary_assists,ev_goals,ev_primary_assists,ev_secondary_assists,shots,ev_shots,passes,ev_passes,ze_controlled_entry,ze_uncontrolled_entry,ze_controlled_exit,ze_uncontrolled_exit,penalties_taken,penalties_drawn,team_ev_shots_for,team_ev_shots_against
311,35,Charlie,Lindgren,STJ,22,22:16:48,17:22:32,0,0,0,0,0,0,1,1,31,24,0,0,1,0,0,0,832,1054
463,30,Linus,Ullmark,RCH,21,20:24:23,16:03:17,0,0,0,0,0,0,0,0,20,15,0,1,0,1,1,1,722,997
37,34,Alex,Lyon,LV,20,19:03:03,13:25:34,0,1,0,0,1,0,0,0,11,9,1,0,1,1,0,1,777,667
138,30,Vitek,Vanecek,HER,18,17:48:08,10:47:39,0,0,0,0,0,0,0,0,6,6,0,0,0,0,0,1,531,561
4,35,Tristan,Jarry,WIL,17,16:42:41,13:41:36,0,0,0,0,0,0,1,1,13,7,0,0,0,0,1,3,850,713
386,30,Antoine,Bibeau,TOR,16,15:51:57,11:04:10,0,0,0,0,0,0,0,0,7,4,0,0,0,0,0,1,682,518
208,45,Magnus,Hellberg,HAR,15,15:26:45,12:07:43,0,0,0,0,0,0,0,0,7,7,0,0,0,0,1,1,666,723
241,50,Kristers,Gudlevskis,SYR,17,15:18:14,10:51:17,0,0,1,0,0,0,0,0,10,5,0,0,0,0,2,2,687,490
430,29,Matt,OConnor,BNG,16,15:08:57,11:28:06,0,0,2,0,0,2,1,0,27,25,0,1,0,1,2,0,645,724
243,32,Adam,Wilcox,SYR,17,14:39:59,11:54:23,0,0,0,0,0,0,0,0,37,29,0,0,0,2,1,1,640,560
348,30,Thatcher,Demko,UTI,16,14:28:34,9:37:04,0,0,1,0,0,0,0,0,12,9,0,2,0,2,1,0,550,556
136,35,Joe,Cannata,HER,15,14:18:56,10:00:53,0,0,0,0,0,0,0,0,11,9,0,0,0,0,0,2,502,487
167,20,Reto,Berra,SPR,15,13:50:49,11:08:00,0,0,1,0,0,0,0,0,24,23,1,0,1,1,1,0,559,581
169,56,Mike,McKenna,SPR,13,13:02:03,9:09:33,0,0,0,0,0,0,0,0,22,15,0,0,1,1,1,0,502,491
274,41,Ken,Appleby,ALB,12,12:01:36,7:57:31,0,0,0,0,0,0,0,0,16,14,0,0,0,0,0,2,448,408
66,31,Zane,McIntyre,PRO,12,11:23:40,8:34:04,0,0,0,0,0,0,0,0,31,29,0,0,0,0,0,2,481,497
73,3,Tommy,Cross,PRO,31,11:23:28,8:17:56,4,3,4,0,2,2,118,98,724,552,16,131,135,115,10,4,471,510
67,47,Malcolm,Subban,PRO,14,11:11:49,9:37:57,0,0,0,0,0,0,0,0,6,5,0,0,0,0,0,0,557,544
116,7,Devon,Toews,BRI,28,11:09:10,7:03:38,2,10,9,0,6,4,153,103,931,633,42,87,144,101,4,4,442,467
347,32,Richard,Bachman,UTI,11,10:54:32,7:11:18,0,0,0,0,0,0,0,0,9,5,0,0,1,0,0,0,443,397
41,43,TJ,Brennan,LV,29,10:53:26,7:42:46,9,7,6,0,6,4,219,156,956,676,44,86,170,69,10,8,539,349
105,35,Stephon,Williams,BRI,12,10:37:26,8:16:51,0,0,0,0,0,0,0,0,9,9,0,1,1,0,2,6,423,523
141,5,Christian,Djoos,HER,31,10:29:04,7:40:41,5,9,8,0,2,2,92,55,1076,664,16,45,96,35,8,0,368,310
216,27,Ryan,Graves,HAR,28,10:23:41,7:28:35,2,4,7,0,3,3,169,137,618,491,24,82,94,81,5,4,450,468
250,20,Matt,Taormina,SYR,26,10:21:01,6:36:38,10,8,7,0,4,4,177,134,882,629,38,82,173,77,3,3,501,368
318,14,Brett,Lernout,STJ,30,10:17:44,7:35:35,1,4,4,0,3,4,90,68,586,477,9,108,105,96,3,1,358,562
144,2,Tyler,Lewington,HER,30,10:10:53,7:37:14,1,2,3,0,2,0,60,40,612,422,8,60,84,66,21,13,276,368
286,24,Reece,Scarlett,ALB,27,10:05:14,6:56:57,2,3,6,0,2,5,98,73,785,519,32,76,148,53,6,3,439,349
151,17,Chris,Bourque,HER,33,9:51:35,7:15:18,9,14,4,0,7,1,194,130,986,589,64,79,104,37,14,12,360,288
275,29,MacKenzie,Blackwood,ALB,11,9:44:48,7:49:05,0,0,0,0,0,0,0,0,10,7,0,0,0,0,0,0,407,461
438,21,Michael,Kostka,BNG,25,9:25:55,6:34:36,1,2,2,0,2,2,132,101,777,589,22,90,145,103,9,2,418,450
427,33,Chris,Driedger,BNG,9,9:23:40,7:53:46,0,0,0,0,0,0,0,0,8,8,0,0,0,0,0,1,414,447
153,15,Travis,Boyd,HER,33,9:17:24,6:27:40,9,12,7,0,7,5,82,52,701,413,109,30,70,22,4,5,356,258
82,25,Colby,Cave,PRO,31,9:17:19,6:48:02,6,5,4,0,2,4,82,72,410,322,91,97,76,55,6,8,426,415
173,5,Mike,Downing,SPR,27,9:16:42,7:12:52,1,1,1,0,1,1,120,90,470,349,15,67,73,61,12,6,322,402
142,32,Hubert,Labrie,HER,29,9:12:22,6:48:39,1,2,2,0,1,1,36,27,462,312,12,48,57,53,8,5,269,322
398,4,Justin,Holl,TOR,26,9:11:16,7:01:19,0,1,2,0,1,1,92,66,593,424,47,55,107,54,5,1,367,370
261,37,Yanni,Gourde,SYR,29,9:08:56,6:12:38,10,5,5,0,3,2,108,76,544,413,90,54,71,27,9,11,419,305
214,3,John,Gilmour,HAR,28,9:08:12,7:20:51,1,2,1,0,2,1,111,93,666,546,40,65,132,43,5,0,428,455
316,15,Joel,Hanley,STJ,25,9:06:48,6:25:32,1,2,4,0,2,4,55,47,699,572,8,81,116,82,4,5,328,407
145,27,Aaron,Ness,HER,24,9:06:35,5:55:01,2,3,7,0,2,4,94,60,696,433,25,63,84,62,8,8,318,316
46,6,Travis,Sanheim,LV,29,9:05:54,6:07:49,4,3,6,0,2,3,135,101,622,459,39,79,109,87,8,6,427,328
3,1,Casey,DeSmith,WIL,10,9:05:49,6:59:55,0,0,0,0,0,0,0,0,1,0,0,0,0,0,0,1,491,371
213,22,Mat,Bodie,HAR,25,9:03:36,6:24:42,4,9,5,0,4,4,92,78,797,628,47,71,147,82,11,8,419,402
75,2,Alex,Grant,PRO,29,8:57:19,7:02:04,5,9,7,0,4,4,173,130,649,507,33,78,108,83,7,4,495,378
353,41,Chad,Billins,UTI,26,8:51:07,6:17:23,1,2,2,0,1,1,95,64,570,373,20,108,106,84,3,6,331,345
284,23,Vojtech,Mozik,ALB,26,8:49:04,5:49:48,3,1,1,0,0,1,117,70,613,409,8,70,78,52,13,7,320,311
76,5,Matt,Grzelcyk,PRO,28,8:48:04,6:58:46,1,6,6,0,5,4,108,88,654,523,36,51,126,44,5,2,479,373
7,24,Cameron,Gaunce,WIL,28,8:46:39,6:40:13,1,2,4,0,0,2,106,87,515,406,20,97,82,94,8,5,389,415
163,21,Chandler,Stephenson,HER,30,8:41:40,6:05:51,6,4,7,0,0,4,40,27,580,391,69,31,63,17,8,13,293,284
44,3,Samuel,Morin,LV,29,8:40:17,6:48:14,2,2,2,0,2,2,88,72,437,329,14,69,74,96,14,5,347,376
45,8,Will,ONeill,LV,26,8:39:59,6:22:21,1,7,3,0,4,2,124,97,711,491,25,74,111,83,5,3,389,323
26,29,Tom,Kostopoulos,WIL,28,8:39:23,5:51:44,10,5,4,0,4,4,105,88,539,419,56,90,63,54,4,8,479,318
262,28,Mike,Halmo,SYR,30,8:38:09,5:55:22,9,2,3,0,2,3,116,95,409,298,66,84,58,37,7,13,446,244
106,8,Kyle,Burroughs,BRI,26,8:36:40,6:06:46,0,4,3,0,3,3,88,66,476,370,26,91,89,67,13,8,305,426
129,38,Bracken,Kearns,BRI,28,8:35:19,5:02:32,14,7,8,0,2,4,81,70,423,298,57,70,58,40,4,10,371,373
464,57,Brady,Austin,RCH,26,8:33:08,6:40:11,0,2,1,0,2,1,61,53,422,324,13,85,63,95,4,4,272,467
222,55,Chris,Summers,HAR,27,8:30:55,6:41:42,3,2,2,0,2,1,46,35,418,344,18,57,59,54,10,6,318,433
148,25,Colby,Williams,HER,30,8:30:38,7:00:04,2,4,4,0,2,2,40,29,505,307,21,38,68,36,10,4,244,295
303,16,Ben,Sexton,ALB,29,8:29:21,5:29:35,8,2,4,0,1,4,71,59,340,221,63,60,53,34,8,8,320,308
330,20,Jacob de,Crisp Rose,STJ,25,8:28:59,5:28:23,3,3,5,0,2,5,74,59,383,300,55,66,47,45,7,7,296,405
85,29,Jake,DeBrusk,PRO,31,8:23:39,6:18:41,9,7,3,0,6,1,114,94,364,294,62,101,65,61,3,8,459,357
333,12,Max,Friberg,STJ,27,8:23:24,5:46:19,5,2,5,0,1,4,59,47,397,306,52,76,48,41,3,6,292,413
437,24,Ben,Harpur,BNG,24,8:23:15,6:03:16,1,5,2,0,4,2,79,66,507,397,23,89,136,92,9,5,313,404
182,13,Chase,Balisy,SPR,28,8:22:38,5:34:12,5,5,4,0,3,2,35,25,432,303,52,59,57,26,7,6,357,272
171,3,Josh,Brown,SPR,27,8:19:51,6:31:37,1,4,0,0,2,0,50,38,397,300,15,78,58,65,11,8,270,397
410,10,Byron,Froese,TOR,25,8:17:28,5:40:46,11,3,2,0,3,2,108,77,446,299,46,51,41,22,2,5,379,251
251,26,Ben,Thomas,SYR,27,8:16:14,6:07:14,0,3,4,0,3,3,83,68,599,432,22,52,100,44,7,6,349,283
467,2,Erik,Burgdoerfer,RCH,23,8:13:41,6:02:04,1,5,2,0,3,1,80,65,427,329,20,67,98,56,12,5,286,405
62,40,Jordan,Weal,LV,27,8:08:48,5:47:19,13,6,11,0,3,9,102,74,657,451,88,38,74,21,8,11,406,246
358,48,Colby,Robak,UTI,21,8:07:17,5:22:27,1,2,7,0,1,3,125,99,579,424,19,65,112,71,6,5,386,288
16,5,David,Warsofsky,WIL,22,8:04:17,5:19:40,6,6,9,0,4,6,154,123,593,438,48,62,130,62,7,2,427,345
325,24,Daniel,Audette,STJ,30,8:02:22,6:06:27,5,6,2,0,5,1,70,52,421,327,65,48,61,33,7,9,353,355
401,6,Andrew,Nielsen,TOR,25,8:01:01,5:50:41,5,4,6,0,3,3,145,110,795,562,20,56,104,46,11,5,406,238
51,22,Chris,Conner,LV,29,7:59:09,5:29:30,6,10,4,0,7,0,52,43,289,210,56,49,43,15,2,14,416,253
42,4,Robert,Hägg,LV,25,7:57:12,5:59:41,2,2,1,0,2,1,84,59,353,256,20,70,65,72,7,2,257,351
364,25,Darren,Archibald,UTI,27,7:56:53,5:18:56,7,5,4,0,4,3,100,72,275,188,56,82,47,40,7,8,317,289
157,24,Brad,Malone,HER,32,7:52:00,5:35:38,3,3,4,0,1,4,62,46,345,232,42,44,43,24,13,8,251,297
98,37,Jordan,Szwarz,PRO,28,7:49:46,5:25:57,5,5,10,0,5,8,58,51,395,292,51,48,39,28,7,10,385,315
72,6,Chris,Casto,PRO,23,7:49:41,6:10:08,1,3,3,0,3,3,101,83,488,416,26,89,103,67,8,4,354,358
39,41,Anthony,Stolarz,LV,8,7:49:09,5:57:17,0,0,0,0,0,0,1,1,11,6,0,0,0,0,0,0,363,350
97,15,Wayne,Simpson,PRO,31,7:47:58,6:13:02,7,3,4,0,2,4,93,77,580,440,96,52,85,41,3,6,409,306
460,22,Phil,Varone,BNG,23,7:47:32,5:47:40,8,6,3,0,2,1,74,65,509,403,102,55,77,30,4,4,383,367
59,13,Colin,McDonald,LV,29,7:45:39,5:48:04,12,3,3,0,3,1,92,71,392,281,61,72,43,24,6,7,388,295
494,10,Cole,Schneider,RCH,24,7:45:23,5:39:44,6,8,7,0,6,4,70,51,499,369,62,59,43,27,9,7,354,331
154,28,Paul,Carey,HER,26,7:44:14,4:55:02,9,9,6,0,7,4,93,58,493,296,52,64,47,27,6,6,254,197
432,7,Chris,Carlisle,BNG,27,7:44:02,6:35:28,1,2,3,0,2,2,74,62,512,407,29,38,99,29,3,2,367,395
232,13,Nicklas,Jensen,HAR,25,7:43:58,5:18:54,13,6,3,0,5,3,140,116,396,282,96,63,71,40,5,6,389,315
300,18,Blake,Pietila,ALB,25,7:41:49,5:02:07,10,6,4,0,2,4,80,64,355,230,51,42,51,21,8,5,298,279
394,2,Andrew,Campbell,TOR,26,7:39:49,5:53:39,0,3,2,0,1,2,70,47,386,282,17,71,64,65,8,3,284,303
247,4,Jake,Dotchin,SYR,23,7:39:08,5:29:12,2,3,3,0,2,2,103,81,482,392,6,63,72,64,13,6,362,328
443,25,Casey,Bailey,BNG,24,7:38:02,5:40:42,7,2,1,0,1,1,112,93,481,378,65,75,91,30,2,5,368,343
475,23,Tyson,Strachan,RCH,23,7:37:29,5:54:01,1,1,2,0,1,2,61,43,360,299,10,87,72,75,3,2,261,432
30,11,Kevin,Porter,WIL,25,7:36:02,5:03:48,5,5,4,0,4,4,72,59,455,372,87,54,88,36,8,8,384,349
283,5,Andrew,MacWilliam,ALB,25,7:28:40,5:47:04,0,1,1,0,1,1,54,34,461,313,14,70,61,52,13,12,248,277
240,7,Adam,Tambellini,HAR,28,7:28:05,5:32:15,7,6,5,0,5,3,93,80,409,319,61,70,67,41,5,2,352,330
218,8,Steven,Kampfer,HAR,21,7:28:00,5:32:23,1,2,3,0,2,2,114,87,650,490,22,71,103,57,8,8,329,359
180,52,MacKenzie,Weegar,SPR,21,7:27:24,5:07:00,5,2,4,0,1,3,90,73,703,512,35,82,105,54,9,6,322,236
314,26,Julien,Brouillette,STJ,22,7:26:07,5:06:53,2,1,2,0,1,0,69,58,565,472,7,70,114,73,3,6,300,348
276,31,Scott,Wedgewood,ALB,8,7:25:42,4:11:48,0,0,1,0,0,1,0,0,23,9,0,0,0,0,0,2,210,204
492,16,Cal,OReilly,RCH,21,7:25:27,4:57:22,4,9,4,0,7,3,38,30,590,422,61,45,66,17,2,0,287,298
301,17,John,Quenneville,ALB,26,7:24:46,5:07:27,6,8,7,0,8,5,129,89,531,359,62,59,52,22,11,9,338,207
166,12,Nathan,Walker,HER,33,7:24:14,5:47:11,6,5,1,0,3,1,76,56,376,254,62,60,43,43,8,12,264,222
207,31,Brandon,Halverson,HAR,8,7:21:31,6:35:24,0,0,1,0,0,1,0,0,2,2,0,0,1,0,0,0,334,367
287,7,Karl,Stollery,ALB,24,7:21:30,5:13:06,0,2,2,0,2,2,77,50,563,396,17,43,104,57,6,9,272,276
70,43,Matt,Bartkowski,PRO,22,7:20:06,5:31:16,1,3,3,0,2,2,94,70,463,349,35,60,100,49,6,2,323,327
35,19,Garrett,Wilson,WIL,28,7:20:00,5:09:10,6,8,2,0,5,1,80,73,273,211,40,73,42,31,14,8,417,298
271,22,Matthew,Peca,SYR,24,7:18:35,4:40:28,2,5,5,0,3,3,68,49,433,306,75,51,88,24,2,8,293,252
293,14,Brian,Gibbons,ALB,26,7:17:14,5:20:16,7,4,4,0,2,3,80,65,475,342,75,41,81,18,9,7,333,228
444,14,Mike,Blunden,BNG,23,7:16:28,5:03:55,2,2,1,0,2,1,85,64,283,228,51,70,53,27,8,10,332,349
383,38,Curtis,Valk,UTI,26,7:16:11,5:01:59,9,7,3,0,3,2,73,54,384,281,50,56,53,26,11,5,327,252
370,28,Alexandre,Grenier,UTI,26,7:14:10,5:16:25,9,6,5,0,3,2,109,85,478,318,64,45,54,29,7,6,335,251
452,17,Max,McCormick,BNG,23,7:11:54,5:13:57,6,2,5,0,1,2,92,61,361,272,71,62,56,34,5,6,291,365
272,71,Tanner,Richard,SYR,23,7:10:37,4:42:49,4,3,4,0,3,2,70,52,558,416,87,50,96,35,9,9,370,201
50,10,Greg,Carey,LV,29,7:10:22,5:02:52,12,5,3,0,4,1,132,103,354,247,57,37,36,19,0,2,414,250
111,3,Jon,Landry,BRI,24,7:09:51,5:15:10,0,2,6,0,2,3,88,58,703,533,25,53,120,49,10,4,287,272
477,95,Justin,Bailey,RCH,24,7:07:32,5:02:02,13,4,2,0,2,2,91,85,250,192,68,63,67,34,7,11,334,326
365,34,Carter,Bancks,UTI,23,7:07:29,4:14:18,3,5,0,0,2,0,51,38,252,168,34,59,37,55,3,7,249,257
229,14,Justin,Fontaine,HAR,24,7:07:13,5:13:23,1,6,6,0,5,4,66,50,396,305,64,50,53,39,7,9,336,296
124,21,Ben,Holmstrom,BRI,28,7:06:09,4:38:05,4,3,0,0,2,0,48,42,235,183,31,55,41,39,9,7,207,385
441,23,Patrick,Sieloff,BNG,24,7:04:48,5:27:28,1,3,1,0,2,1,49,36,359,270,15,55,62,48,7,9,258,377
121,11,Tanner,Fritz,BRI,26,7:01:51,4:38:40,8,2,1,0,1,1,58,46,435,332,53,62,69,28,7,7,300,292
362,7,Jordan,Subban,UTI,23,7:00:55,5:08:56,6,3,5,0,2,1,125,88,606,433,24,51,129,45,2,3,348,244
230,51,Tanner,Glass,HAR,28,7:00:41,5:38:25,2,1,1,0,1,1,47,40,200,158,26,95,48,64,9,3,275,382
249,5,Dominik,Masin,SYR,27,6:59:16,5:23:22,2,1,0,0,0,0,67,57,365,281,18,24,43,22,3,3,288,248
176,38,Ian,McCoshen,SPR,24,6:58:18,5:40:41,0,0,1,0,0,0,76,57,435,314,8,62,63,48,4,3,272,312
493,15,Evan,Rodrigues,RCH,24,6:57:39,4:41:04,4,9,3,0,8,3,104,87,464,357,70,76,97,41,6,6,326,291
399,5,Viktor,Lööv,TOR,22,6:56:36,5:25:10,0,2,1,0,2,0,66,54,412,302,14,48,81,46,6,2,270,244
221,44,Michael,Paliotta,HAR,20,6:56:08,5:14:38,0,3,1,0,2,1,101,82,407,308,9,39,65,40,4,6,290,353
309,31,Yann,Danis,STJ,7,6:55:19,5:33:03,0,0,0,0,0,0,0,0,6,6,0,0,0,0,0,0,251,350
63,7,Mark,Zengerle,LV,28,6:52:45,4:35:54,6,8,3,0,5,3,54,41,479,324,57,49,67,17,5,7,297,237
83,22,Peter,Cehlárik,PRO,26,6:52:12,5:26:19,13,9,2,0,9,1,100,90,512,414,55,52,70,31,7,4,387,252
110,14,Kane,Lafranchise,BRI,22,6:51:36,4:55:39,0,2,4,0,1,3,57,38,469,321,19,54,62,53,4,1,270,313
187,25,Anthony,Greco,SPR,27,6:50:20,4:58:42,5,1,3,0,1,1,118,88,251,190,75,56,70,28,3,7,300,289
414,11,Andreas,Johnsson,TOR,26,6:46:16,5:12:25,8,2,2,0,2,1,93,72,426,309,64,49,56,19,8,9,337,194
302,21,Kevin,Rooney,ALB,29,6:45:54,4:57:04,6,2,0,0,0,0,57,48,240,167,60,56,60,33,5,19,239,287
257,11,Erik,Condra,SYR,19,6:40:27,4:10:35,3,7,5,0,6,4,66,52,403,295,58,37,62,26,5,3,304,206
252,85,Daniel,Walcott,SYR,28,6:39:27,5:31:05,1,2,2,0,0,1,78,66,331,262,31,69,66,50,14,7,287,250
24,44,Jake,Guentzel,WIL,21,6:37:23,4:23:39,11,8,6,0,4,5,121,100,567,433,105,53,75,25,4,14,414,233
454,13,Nick,Paul,BNG,24,6:36:58,5:03:28,3,5,4,0,4,3,90,64,325,257,59,62,62,35,6,4,329,300
158,36,Garrett,Mitchell,HER,30,6:36:58,5:09:18,4,2,5,0,1,3,48,36,271,173,37,60,45,31,17,16,197,263
17,15,Josh,Archibald,WIL,28,6:36:43,4:44:23,7,5,2,0,4,1,81,75,185,141,68,57,36,19,2,11,318,309
33,49,Dominik,Simon,WIL,25,6:35:47,4:49:35,3,8,3,0,6,3,76,65,466,366,57,56,58,29,4,2,418,231
403,3,Rinat,Valiyev,TOR,20,6:35:45,4:49:15,1,1,1,0,0,1,66,53,496,367,16,42,81,48,14,10,286,248
117,37,Steve,Bernier,BRI,25,6:34:56,4:12:45,12,6,1,0,3,1,67,50,247,164,31,50,31,29,7,4,283,256
260,73,Adam,Erne,SYR,23,6:33:39,4:19:35,5,5,3,0,4,3,86,72,278,209,68,53,52,23,5,6,305,213
236,17,Philip,McRae,HAR,28,6:32:56,5:18:59,5,1,3,0,1,2,73,63,256,211,71,55,67,38,3,6,251,358
256,89,Cory,Conacher,SYR,21,6:32:43,4:10:27,5,10,5,0,7,5,95,72,473,338,52,47,62,19,14,17,362,194
120,17,Michael Dal,Colle,BRI,27,6:32:04,4:30:15,5,5,2,0,4,2,86,71,353,266,64,25,58,26,7,9,318,234
14,2,Chad,Ruhwedel,WIL,17,6:31:49,4:20:04,2,5,2,0,5,2,134,112,495,386,19,57,105,58,3,2,336,230
102,41,Jaroslav,Halák,BRI,7,6:30:57,3:55:00,0,0,0,0,0,0,1,0,3,0,0,0,0,0,0,0,206,196
446,8,Kyle,Flanagan,BNG,23,6:30:04,4:47:00,2,5,1,0,2,1,55,33,361,266,57,43,81,19,6,10,232,275
280,2,Seth,Helgeson,ALB,21,6:29:43,4:45:41,2,1,2,0,1,0,49,33,446,302,5,44,42,42,11,5,198,273
237,24,Cristoval,Nieves,HAR,22,6:29:05,4:31:55,3,3,3,0,3,3,43,38,367,312,66,42,66,27,2,7,304,299
417,19,Brendan,Leipsic,TOR,20,6:28:02,4:25:42,6,8,10,0,6,4,121,89,534,369,109,47,93,26,1,6,308,187
170,14,Sena,Acolatse,SPR,28,6:26:37,4:46:11,4,6,3,0,4,3,86,71,396,308,27,69,64,23,11,8,329,217
481,43,Daniel,Catenacci,RCH,24,6:26:29,4:36:50,3,0,2,0,0,1,50,38,241,188,49,52,45,44,8,7,194,337
331,38,Markus,Eisenschmid,STJ,25,6:25:44,4:34:03,5,1,1,0,1,1,54,51,219,181,52,48,38,33,6,4,244,291
412,38,Colin,Greening,TOR,25,6:24:35,4:38:06,3,3,2,0,3,1,64,38,257,185,38,63,52,31,3,4,256,238
178,28,Brent,Regner,SPR,17,6:23:16,4:15:56,1,7,3,0,5,3,80,56,531,382,16,47,91,39,0,5,258,242
88,9,Danton,Heinen,PRO,23,6:23:13,4:50:15,5,6,7,0,5,6,71,56,361,280,55,44,56,24,1,7,303,250
125,12,Josh,Holmstrom,BRI,27,6:21:34,4:29:54,0,0,1,0,0,0,48,33,180,133,26,74,33,48,10,4,181,329
322,4,Philip,Samuelsson,STJ,23,6:20:26,5:07:26,1,1,1,0,1,1,51,40,384,298,4,47,57,80,8,5,223,371
164,18,Christian,Thomas,HER,30,6:20:18,4:52:46,12,6,3,0,2,1,123,85,339,215,55,60,48,31,1,8,232,216
424,9,Colin,Smith,TOR,24,6:19:49,4:41:04,2,7,0,0,3,0,86,66,403,295,65,45,56,18,6,4,327,201
34,40,Oskar,Sundqvist,WIL,23,6:19:11,4:00:59,10,6,7,0,5,7,77,64,284,224,62,58,53,40,6,8,341,259
57,23,Taylor,Leier,LV,22,6:17:27,4:08:32,6,5,7,0,2,7,76,63,326,242,51,65,54,31,3,10,298,260
397,8,Travis,Dermott,TOR,19,6:17:02,4:38:24,1,4,2,0,4,2,57,41,498,359,14,61,70,50,4,4,281,191
360,5,David,Shields,UTI,19,6:16:49,4:36:40,0,3,2,0,1,0,33,31,339,262,15,46,47,53,1,4,216,317
299,10,Rod,Pelley,ALB,29,6:14:42,4:30:32,4,5,0,0,3,0,42,27,201,142,12,47,33,48,4,2,184,290
371,36,Wacey,Hamilton,UTI,23,6:14:35,4:23:00,3,0,2,0,0,1,50,42,215,151,31,50,43,42,12,7,225,271
103,34,Eamon,McAdam,BRI,7,6:12:50,5:13:19,0,0,0,0,0,0,0,0,3,2,0,0,1,0,0,0,249,303
131,18,Andrew,Rowe,BRI,24,6:12:19,4:32:41,4,6,4,0,5,2,69,58,338,234,77,40,44,25,3,2,286,206
343,17,Nikita,Scherbak,STJ,22,6:11:01,4:28:42,7,4,2,0,4,1,74,64,405,291,65,57,57,22,8,2,257,233
354,4,Evan,McEneny,UTI,18,6:09:26,4:26:02,3,3,0,0,2,0,81,54,370,276,10,58,72,60,5,5,241,255
466,37,Mac,Bennett,RCH,21,6:08:57,4:57:57,0,1,1,0,1,1,55,48,339,292,12,45,64,34,4,2,242,333
162,11,Zach,Sill,HER,28,6:08:52,4:33:42,6,1,3,0,0,1,48,32,251,162,13,47,28,35,6,5,174,222
160,20,Liam,OBrien,HER,28,6:08:43,4:20:23,6,10,2,0,6,0,57,50,266,171,40,49,35,22,14,8,213,182
440,15,Chris,Rumble,BNG,21,6:07:44,4:44:57,4,3,6,0,2,5,110,95,549,455,27,68,112,37,3,5,328,273
273,92,Joël,Vermin,SYR,20,6:07:14,4:02:17,7,4,1,0,3,1,74,53,330,231,71,40,58,31,3,4,272,176
192,29,Dryden,Hunt,SPR,25,6:06:01,5:00:50,3,2,2,0,2,1,85,68,270,205,59,63,63,32,7,5,295,230
92,93,Peter,Mueller,PRO,24,6:06:01,4:52:05,4,4,2,0,3,2,73,65,368,301,46,39,39,23,8,3,367,242
491,19,Alexander,Nylander,RCH,23,6:05:09,4:45:13,4,2,3,0,2,2,60,50,387,285,44,38,53,23,2,5,252,246
478,13,Nick,Baptiste,RCH,21,6:04:54,4:32:03,7,1,1,0,0,1,99,80,317,235,82,40,58,22,6,5,270,237
49,9,Cole,Bardreau,LV,27,6:04:37,4:50:01,6,2,2,0,0,1,41,33,228,167,31,53,43,26,6,7,200,266
58,18,Danick,Martel,LV,27,6:01:44,5:11:28,6,8,3,0,8,2,96,72,205,150,48,74,46,29,11,15,275,212
55,14,Corban,Knight,LV,25,6:01:29,4:27:22,3,8,4,0,7,2,61,44,222,162,35,69,48,30,4,2,206,250
392,40,Garret,Sparks,TOR,6,6:00:34,4:33:59,0,0,0,0,0,0,0,0,0,0,0,0,0,0,1,1,269,245
6,4,Tim,Erixon,WIL,19,6:00:07,4:12:15,4,4,2,0,3,1,97,76,434,367,8,43,58,64,3,3,348,290
47,44,Reece,Willcox,LV,20,5:57:18,4:54:22,2,1,3,0,0,2,35,29,300,228,15,51,59,52,4,0,239,266
423,36,Kerby,Rychel,TOR,24,5:56:59,4:35:04,3,10,3,0,6,3,100,70,297,211,32,37,29,23,6,7,305,160
453,16,Chad,Nehring,BNG,21,5:55:44,4:08:44,3,2,2,0,2,2,55,43,227,175,37,63,36,37,4,5,238,323
188,11,Shane,Harper,SPR,21,5:54:28,4:29:04,5,2,5,0,1,5,53,38,391,286,31,39,34,27,5,4,252,218
191,24,Ryan,Horvat,SPR,23,5:53:37,4:30:22,3,3,2,0,2,1,55,47,248,182,32,63,53,36,11,7,211,276
78,44,Rob,OGara,PRO,19,5:52:11,4:42:43,2,0,3,0,0,3,41,33,290,251,7,49,52,39,3,3,227,290
128,29,Connor,Jones,BRI,26,5:51:02,4:26:34,4,3,3,0,2,1,50,37,204,156,37,50,48,21,14,24,206,230
123,26,Josh,HoSang,BRI,23,5:50:34,3:59:24,4,7,2,0,5,1,38,33,443,302,98,32,100,11,6,10,254,212
20,9,JeanSébastien,Dea,WIL,27,5:50:34,4:28:08,6,0,2,0,0,2,72,56,278,225,29,48,41,19,5,3,364,231
339,21,Stefan,Matteau,STJ,23,5:50:25,4:24:00,5,5,1,0,3,0,60,47,281,202,41,66,44,35,14,12,214,285
234,96,Robin,Kovacs,HAR,28,5:50:08,5:11:41,0,5,2,0,4,2,34,27,263,227,45,69,61,42,3,3,261,275
332,19,Bobby,Farnham,STJ,25,5:49:33,4:36:25,2,0,2,0,0,1,65,55,179,145,41,70,43,30,11,9,186,355
279,32,Brandon,Gormley,ALB,18,5:49:24,3:50:58,0,3,2,0,3,2,52,31,456,288,6,37,59,48,7,3,201,218
415,28,Kasperi,Kapanen,TOR,18,5:47:32,3:35:55,7,3,6,0,1,5,85,62,425,309,67,36,65,21,1,8,257,177
224,9,Chris,Brown,HAR,22,5:46:26,4:29:15,9,0,0,0,0,0,61,56,249,197,50,80,64,47,10,6,244,242
319,5,Tom,Parisi,STJ,22,5:44:34,5:07:01,0,0,2,0,0,2,64,56,372,324,14,59,93,56,2,1,225,303
473,34,Casey,Nelson,RCH,17,5:44:22,4:08:25,4,0,2,0,0,0,75,51,414,291,8,38,69,33,6,3,226,236
91,7,Sean,Kuraly,PRO,24,5:43:59,4:32:34,8,3,2,0,3,1,72,60,239,179,52,67,56,29,5,12,225,268
139,4,Madison,Bowey,HER,18,5:42:50,3:55:53,1,2,3,0,1,1,83,58,399,280,15,32,70,33,11,4,202,201
140,7,Darren,Dietz,HER,20,5:42:10,4:15:50,3,2,2,0,2,1,49,41,352,254,10,43,41,35,5,6,199,213
435,6,Andreas,Englund,BNG,21,5:41:19,4:39:10,2,1,1,0,1,0,35,27,322,248,7,29,42,43,10,6,217,298
165,13,Jakub,Vrána,HER,22,5:39:44,4:00:44,10,2,5,0,1,5,85,65,480,316,47,20,36,15,4,3,258,147
335,37,Jérémy,Grégoire,STJ,27,5:39:20,4:41:03,5,1,0,0,1,0,56,50,143,118,20,66,36,43,10,12,210,307
12,51,Derrick,Pouliot,WIL,16,5:38:49,3:54:06,1,4,3,0,4,3,86,75,420,330,27,53,79,39,2,4,311,245
94,24,Chris,Porter,PRO,23,5:35:38,4:20:45,2,5,0,0,5,0,55,50,256,212,36,59,51,43,2,4,234,268
291,11,Blake,Coleman,ALB,23,5:35:35,4:00:48,8,4,4,0,4,4,67,50,220,165,49,36,60,21,6,6,213,204
357,37,Andrey,Pedan,UTI,17,5:35:19,4:07:19,0,0,0,0,0,0,67,40,279,171,9,46,38,34,14,7,183,219
289,9,Joseph,Blandisi,ALB,20,5:29:18,3:52:42,6,8,5,0,5,4,72,63,363,258,65,32,55,8,10,11,270,167
269,61,Jeremy,Morin,SYR,24,5:28:58,4:03:44,6,5,2,0,3,2,87,64,277,200,41,42,36,21,5,11,253,175
442,19,Jason,Akeson,BNG,19,5:28:17,4:11:42,2,8,5,0,6,4,88,69,426,342,49,31,52,21,4,4,295,258
338,16,Mark,MacMillan,STJ,28,5:27:47,4:18:18,2,5,0,0,4,0,44,39,190,156,35,56,36,30,3,9,189,308
87,20,Colton,Hargrove,PRO,24,5:27:35,4:37:35,2,4,1,0,4,1,69,58,194,163,55,51,41,23,11,3,277,251
306,26,Ben,Thomson,ALB,29,5:25:44,4:36:13,3,1,0,0,1,0,84,58,220,152,30,63,43,27,12,14,214,187
367,19,Cole,Cassels,UTI,24,5:24:31,3:51:47,2,0,0,0,0,0,47,44,201,154,31,54,27,37,5,6,209,234
113,10,Scott,Mayfield,BRI,15,5:23:38,3:40:57,3,3,0,0,2,0,65,51,200,150,17,61,36,61,9,8,193,270
298,12,Max,Novak,ALB,22,5:21:17,3:22:24,4,2,1,0,2,0,49,36,207,130,36,48,40,25,3,7,169,191
231,15,Marek,Hrivík,HAR,17,5:18:33,3:41:40,5,4,3,0,3,2,49,38,393,279,54,38,57,20,3,2,255,185
255,78,Michaël,Bournival,SYR,19,5:17:22,3:41:16,4,2,4,0,1,2,53,36,292,219,49,27,49,20,5,2,237,194
313,8,Mark,Barberio,STJ,12,5:16:30,3:35:45,3,5,5,0,4,5,58,42,444,290,12,50,77,54,6,1,208,218
115,6,Ryan,Pulock,BRI,14,5:16:22,3:29:59,4,4,3,0,2,0,92,64,385,279,33,38,64,28,1,0,231,224
60,21,Andy,Miele,LV,20,5:14:22,3:39:07,3,8,7,0,6,5,61,45,417,294,65,41,48,10,7,8,295,194
340,25,Michael,McCarron,STJ,17,5:12:45,3:40:44,5,6,0,0,5,0,46,33,194,131,31,30,21,27,10,6,231,201
419,37,Tobias,Lindberg,TOR,22,5:11:59,4:07:46,3,3,2,0,1,2,57,33,267,200,37,32,53,8,10,5,265,135
226,10,Matt,Carey,HAR,25,5:06:15,4:21:31,7,4,2,0,1,2,54,47,195,160,43,54,47,40,5,6,218,244
470,3,Paul,Geiger,RCH,20,5:00:38,4:10:09,0,2,1,0,2,1,43,33,220,168,8,46,41,48,2,2,168,224
457,12,Jack,Rodewald,BNG,20,5:00:33,3:53:31,8,0,5,0,0,3,44,37,254,169,44,44,31,13,3,8,257,224
344,22,Chris,Terry,STJ,16,4:59:09,3:37:20,7,7,6,0,3,5,82,65,370,265,32,32,36,16,3,9,213,190
211,70,Mackenzie,Skapski,HAR,5,4:58:32,3:30:53,0,0,0,0,0,0,0,0,0,0,0,0,0,1,0,0,175,223
439,28,Guillaume,Lépine,BNG,21,4:54:58,4:01:34,1,1,0,0,1,0,60,52,245,211,12,31,55,34,4,1,218,270
380,71,Borna,Rendulic,UTI,25,4:54:31,4:17:58,1,1,0,0,1,0,37,29,219,150,44,39,42,14,7,3,222,190
317,7,Ryan,Johnston,STJ,16,4:53:57,3:52:08,1,3,0,0,1,0,46,30,429,282,8,20,58,25,2,2,193,178
56,49,Scott,Laughton,LV,19,4:53:35,3:53:03,2,3,2,0,3,2,65,48,236,185,48,33,35,21,6,3,206,223
48,16,Nicolas,AubéKubel,LV,27,4:52:46,4:33:01,4,2,3,0,1,2,41,33,163,127,31,52,39,22,4,11,210,205
228,19,Steven,Fogarty,HAR,21,4:51:03,3:53:37,3,2,3,0,2,3,33,28,147,113,28,47,31,31,5,3,165,247
426,41,Dmytro,Timashov,TOR,22,4:50:27,3:58:23,3,0,0,0,0,0,59,49,299,221,46,48,54,16,8,8,210,158
253,82,Luke,Witkowski,SYR,14,4:49:57,3:38:52,0,3,2,0,1,2,44,39,321,283,19,44,59,22,13,11,217,174
133,24,Travis St,Denis,BRI,21,4:47:16,3:37:57,6,2,4,0,0,2,71,48,205,146,37,32,31,6,12,11,184,192
482,20,Eric,Cornel,RCH,25,4:46:59,3:54:28,3,2,1,0,2,1,37,28,223,184,26,51,33,26,5,4,193,184
101,33,Christopher,Gibson,BRI,5,4:45:48,3:37:52,0,0,0,0,0,0,1,0,23,17,0,0,2,0,0,0,217,239
455,19,Francis,Perron,BNG,22,4:45:31,3:43:04,2,4,1,0,3,1,60,45,263,200,35,39,44,10,4,2,230,210
13,6,Ethan,Prow,WIL,19,4:45:29,4:10:01,0,1,3,0,1,2,46,34,304,231,13,48,55,45,3,5,210,198
320,29,Jonathan,Racine,STJ,19,4:44:42,3:52:53,0,1,1,0,1,1,25,16,217,179,7,40,36,36,13,5,160,308
52,19,Radel,Fazleyev,LV,26,4:38:00,3:30:49,3,2,3,0,1,2,34,27,165,123,31,34,26,24,7,1,140,170
161,23,Zach,Sanford,HER,17,4:37:45,3:13:14,7,1,2,0,1,0,63,34,263,159,41,33,53,19,6,6,137,146
107,39,Patrick,Cullity,BRI,18,4:35:12,3:13:40,0,1,1,0,0,1,41,34,203,147,4,43,24,24,11,2,150,225
95,11,Tyler,Randell,PRO,25,4:33:26,4:01:38,0,2,2,0,2,2,32,24,118,103,28,47,38,22,5,4,157,271
326,34,David,Broll,STJ,27,4:33:02,4:08:37,2,1,1,0,1,0,39,35,190,161,33,53,29,33,16,11,209,222
184,26,Tim,Bozon,SPR,22,4:32:57,3:40:59,4,3,1,0,2,1,59,47,229,170,41,41,42,21,7,4,183,166
258,19,Cameron,Darcy,SYR,23,4:32:50,3:31:01,1,2,1,0,1,1,46,40,188,155,23,46,33,26,1,6,210,182
456,10,Buddy,Robinson,BNG,18,4:31:08,3:46:29,3,2,1,0,2,0,53,41,221,155,31,42,34,12,7,4,211,187
11,10,Stuart,Percy,WIL,17,4:30:56,3:44:17,0,4,0,0,4,0,43,35,311,252,12,39,43,34,4,0,253,175
384,18,Jake,Virtanen,UTI,20,4:24:42,3:25:30,2,1,0,0,1,0,93,66,187,141,56,36,47,21,5,6,246,183
31,17,Carter,Rowney,WIL,14,4:23:15,2:49:10,4,2,2,0,1,1,44,38,305,248,45,30,34,10,5,6,252,150
152,14,Ryan,Bourque,HER,21,4:18:18,3:14:49,0,4,1,0,2,0,38,25,215,130,28,44,46,23,4,0,130,157
65,34,Anton,Khudobin,PRO,5,4:17:15,3:29:55,0,0,0,0,0,0,0,0,0,0,0,0,0,0,0,0,221,163
462,1,John,Muse,RCH,5,4:13:44,3:15:19,0,0,0,0,0,0,0,0,0,0,0,0,0,0,0,1,155,182
336,10,Charles,Hudon,STJ,15,4:12:41,3:14:05,6,3,2,0,3,0,63,47,288,199,42,22,46,21,6,3,202,149
315,3,Josiah,Didier,STJ,16,4:12:05,3:15:12,0,0,1,0,0,1,36,23,191,145,8,46,33,39,4,3,133,214
68,30,Daniel,Vladar,PRO,5,4:11:34,3:11:12,0,0,0,0,0,0,0,0,1,1,0,0,0,0,0,0,162,178
193,41,Juho,Lammikko,SPR,21,4:07:30,2:59:56,1,1,1,0,1,1,34,25,136,111,20,22,23,24,4,4,152,196
81,21,Anton,Blidh,PRO,16,4:07:07,3:11:37,3,1,1,0,1,1,45,40,135,109,36,61,38,33,3,6,164,161
469,4,Taylor,Fedun,RCH,12,4:06:17,3:09:34,3,5,4,0,4,4,56,48,375,294,8,42,76,37,4,3,191,168
373,20,Cody,Kunyk,UTI,18,4:06:10,3:11:12,3,3,4,0,3,4,32,29,168,134,33,36,18,18,5,2,194,159
496,46,Justin,Vaive,RCH,21,4:03:43,3:10:01,0,0,1,0,0,0,27,19,95,80,12,40,21,20,11,7,106,193
281,8,Josh,Jacobs,ALB,15,4:02:29,3:11:35,0,1,1,0,1,1,29,26,267,200,13,31,33,26,9,0,140,178
245,25,Mathieu,Brodeur,SYR,15,3:57:01,3:01:19,2,1,0,0,1,0,36,34,195,156,4,59,35,53,6,4,152,151
127,28,Kellen,Jones,BRI,17,3:56:43,2:49:49,2,3,1,0,1,1,27,20,171,136,28,41,39,15,8,6,135,140
28,7,Danny,Kristo,WIL,17,3:55:12,3:08:41,4,2,2,0,2,1,57,46,246,187,33,39,48,16,1,3,235,142
175,44,Matt,MacKenzie,SPR,12,3:54:57,2:46:20,2,2,1,0,1,0,54,40,319,228,5,21,49,26,1,3,155,155
155,22,Stanislav,Galiev,HER,17,3:53:14,2:56:40,7,2,2,0,1,1,50,35,243,154,29,23,32,9,4,4,164,88
366,18,Michael,Carcone,UTI,21,3:52:41,3:16:34,1,3,1,0,2,1,54,38,160,113,37,32,35,13,6,4,165,150
355,8,John,Negrin,UTI,15,3:50:45,2:45:38,0,3,0,0,1,0,41,30,190,141,6,20,29,27,4,3,148,171
385,14,Mike,Zalewski,UTI,16,3:50:31,2:53:28,1,3,3,0,3,2,40,22,186,113,23,31,22,21,5,3,122,136
324,27,Sven,Andrighetto,STJ,12,3:50:26,2:57:26,5,4,3,0,3,3,79,62,285,224,69,21,42,23,1,1,185,157
96,36,Zac,Rinaldo,PRO,19,3:50:11,3:17:42,5,2,0,0,2,0,32,36,138,128,25,55,33,26,7,3,160,192
263,39,Brian,Hart,SYR,20,3:45:14,3:02:23,3,1,1,0,0,1,44,34,105,88,21,44,27,12,4,3,181,119
25,39,Ryan,Haggerty,WIL,20,3:43:32,2:41:08,3,0,2,0,0,2,57,48,136,106,38,41,33,24,6,5,157,176
248,65,Slater,Koekkoek,SYR,10,3:43:29,2:37:19,0,1,1,0,1,1,58,40,180,122,18,29,31,24,2,3,130,146
246,44,Adam,Comrie,SYR,19,3:43:19,2:47:44,4,4,1,0,3,0,69,58,269,195,9,31,30,16,2,5,169,103
206,15,Paul,Thompson,SPR,12,3:38:51,2:36:36,2,5,1,0,5,0,48,41,141,108,20,24,28,9,9,4,162,149
126,32,Ross,Johnston,BRI,22,3:38:49,3:28:13,4,2,0,0,2,0,19,18,144,126,32,38,27,25,7,6,143,191
205,19,Brody,Sutter,SPR,13,3:36:08,2:29:36,2,2,2,0,0,1,36,24,125,78,16,24,12,7,3,3,130,128
179,27,Thomas,Schemitsch,SPR,13,3:35:25,2:46:10,0,0,1,0,0,0,26,18,298,242,7,20,49,23,1,2,154,133
259,40,Gabriel,Dumont,SYR,12,3:33:09,2:37:32,5,1,2,0,1,2,43,37,153,124,38,33,31,29,7,13,190,136
200,42,Kyle,Rau,SPR,12,3:29:21,2:16:37,5,2,1,0,1,1,53,36,151,88,19,39,22,14,3,1,137,104
345,28,Yannick,Veilleux,STJ,16,3:25:48,2:56:35,2,3,1,0,3,1,31,27,156,138,25,49,40,20,9,5,149,147
305,33,Petr,Straka,ALB,14,3:24:43,2:26:44,1,3,1,0,3,1,34,26,183,127,27,25,17,7,4,3,150,100
5,32,Lukas,Bengtsson,WIL,11,3:24:31,2:32:52,0,0,3,0,0,3,45,32,230,167,8,26,42,20,2,3,180,144
69,28,Linus,Arnesson,PRO,12,3:21:31,2:36:20,0,0,1,0,0,1,32,27,127,102,4,25,28,25,2,1,142,142
297,15,Jan,Mandát,ALB,16,3:21:14,2:40:23,2,2,0,0,1,0,33,21,169,101,22,23,33,18,2,2,108,126
71,8,Chris,Breen,PRO,10,3:19:25,2:39:45,0,0,1,0,0,1,20,17,166,127,1,28,25,19,1,1,116,197
374,16,Joseph,LaBate,UTI,14,3:18:26,2:15:10,1,2,1,0,2,0,32,25,94,65,14,25,9,9,8,5,139,113
479,22,Kyle,Bonis,RCH,18,3:17:09,2:52:25,3,1,0,0,0,0,31,30,88,65,17,38,20,26,4,2,117,193
43,20,Maxim,Lamarche,LV,10,3:13:49,2:19:56,1,1,2,0,0,2,16,11,204,139,5,27,29,32,4,1,107,132
378,23,Pascal,Pelletier,UTI,14,3:12:19,2:19:32,4,1,4,0,1,4,44,34,170,125,26,24,29,11,2,3,170,142
201,18,Eric,Robinson,SPR,19,3:10:23,2:46:15,1,2,1,0,1,0,32,24,139,96,25,36,28,7,4,4,133,114
266,34,PierreLuc,LétourneauLeblond,SYR,23,3:08:39,2:41:14,1,1,2,0,1,1,16,13,82,64,11,31,19,17,14,8,119,119
189,8,Jayce,Hawryluk,SPR,12,3:08:20,2:22:31,4,4,1,0,1,0,47,34,187,131,27,23,30,12,3,3,131,82
285,6,Steven,Santini,ALB,11,3:07:37,2:22:45,0,0,0,0,0,0,30,20,195,127,5,15,22,20,4,2,92,155
79,10,Noel,Acciari,PRO,11,2:57:38,2:26:33,0,3,1,0,2,1,29,27,122,109,20,32,28,11,2,2,138,147
391,35,Karri,Rämö,TOR,3,2:56:17,2:20:15,0,0,0,0,0,0,0,0,7,7,0,0,0,0,0,0,136,108
264,57,Henri,Ikonen,SYR,22,2:56:07,2:40:05,1,3,3,0,2,1,23,19,127,99,23,30,20,14,4,8,133,122
217,5,Tommy,Hughes,HAR,14,2:55:52,2:28:17,0,0,1,0,0,1,27,22,152,134,7,26,35,32,5,1,142,147
174,4,Jakub,Kindl,SPR,8,2:55:12,1:45:59,1,1,4,0,1,3,47,34,261,192,8,15,50,14,1,1,124,140
18,23,Teodors,Blugers,WIL,14,2:53:48,2:14:56,2,3,1,0,2,0,29,26,131,97,25,23,26,18,1,4,131,131
202,16,Michael,Sgarbossa,SPR,8,2:52:10,1:58:06,3,1,2,0,0,2,27,28,209,169,34,17,39,15,4,2,137,136
490,8,Daniel Muzito,Bagenda,RCH,17,2:51:07,2:26:22,4,0,1,0,0,1,27,30,114,102,24,29,21,10,8,4,106,145
404,7,William,Wrenn,TOR,12,2:49:56,2:36:05,0,0,1,0,0,1,26,20,186,134,5,18,28,18,3,0,126,102
143,33,Joey,Leach,HER,12,2:49:11,2:10:32,0,0,0,0,0,0,17,10,168,110,1,33,28,30,7,1,72,100
183,21,Graham,Black,SPR,11,2:47:53,2:04:41,2,0,1,0,0,1,22,18,100,80,21,18,19,8,2,3,103,122
135,27,Joshua,Winquist,BRI,13,2:45:38,1:59:20,6,2,2,0,1,2,47,37,174,144,25,24,25,10,1,3,148,122
308,28,Miles,Wood,ALB,10,2:45:15,1:53:16,3,2,0,0,2,0,43,33,102,74,29,19,29,11,8,8,103,132
290,19,Carter,Camper,ALB,10,2:44:16,1:58:24,2,4,3,0,3,3,30,26,209,146,26,8,27,7,0,2,134,82
196,40,Stephen,MacAulay,SPR,17,2:44:08,2:16:17,2,1,0,0,1,0,23,13,107,78,6,16,15,14,1,3,95,138
134,20,Carter,Verhaeghe,BRI,12,2:42:31,2:01:39,2,1,1,0,0,1,39,35,169,138,39,20,31,14,2,0,136,149
422,46,Trevor,Moore,TOR,15,2:42:28,2:19:10,3,3,1,0,2,1,27,26,126,88,26,29,30,8,4,2,118,101
359,6,Ashton,Sautner,UTI,10,2:41:22,2:17:26,0,0,2,0,0,2,31,22,140,113,4,20,26,23,5,2,118,108
411,33,Frédérik,Gauthier,TOR,11,2:38:14,1:58:04,1,1,1,0,1,0,21,19,111,87,18,12,21,11,4,2,121,102
235,11,Allan,McPherson,HAR,17,2:37:30,2:27:03,1,0,1,0,0,1,22,14,126,112,18,16,20,8,5,0,128,126
407,17,Rich,Clune,TOR,14,2:37:14,1:54:17,0,2,2,0,0,2,13,10,78,67,11,28,17,14,6,4,103,102
488,11,Tim,Kennedy,RCH,9,2:33:14,1:46:32,1,4,0,0,3,0,15,15,130,103,22,12,18,9,1,1,103,120
23,21,Sahir,Gill,WIL,14,2:26:22,1:58:20,0,3,1,0,2,1,17,8,125,86,19,22,27,6,2,4,87,95
89,12,Justin,Hickman,PRO,14,2:26:08,2:04:33,2,1,0,0,1,0,30,24,102,85,12,26,20,6,4,4,118,114
233,88,Michael,Joly,HAR,12,2:26:05,2:06:12,1,2,0,0,1,0,11,12,107,99,31,26,29,6,2,2,137,110
32,25,Tom,Sestito,WIL,13,2:25:08,2:02:27,5,3,2,0,3,1,19,20,132,88,16,18,8,20,7,4,122,104
239,21,Malte,Strömwall,HAR,11,2:23:29,2:03:30,1,1,0,0,0,0,24,23,85,68,25,25,20,19,3,3,111,121
416,23,Brooks,Laich,TOR,10,2:22:41,1:46:24,0,0,1,0,0,1,23,19,100,78,14,16,15,15,2,3,106,95
8,41,Barry,Goers,WIL,8,2:20:26,1:44:40,0,0,0,0,0,0,18,16,115,100,4,16,22,18,2,2,104,117
450,27,Curtis,Lazar,BNG,8,2:19:20,1:40:35,2,0,0,0,0,0,24,16,105,77,19,15,21,4,1,4,95,93
294,22,Ryan,Kujawinski,ALB,12,2:18:19,1:57:35,2,3,1,0,2,0,27,21,102,68,19,17,16,9,3,1,100,88
198,17,Jared,McCann,SPR,8,2:17:54,1:37:00,2,1,0,0,1,0,48,39,142,108,28,19,19,17,2,2,106,83
22,46,Reid,Gardiner,WIL,14,2:15:44,2:01:30,1,1,1,0,0,1,28,23,86,69,25,28,25,14,3,2,116,86
244,6,Dylan,Blujus,SYR,8,2:09:24,1:36:13,1,1,3,0,1,2,33,22,166,113,3,13,30,15,3,1,102,69
77,13,Ben,Marshall,PRO,7,2:07:53,1:42:49,2,0,1,0,0,1,30,28,135,116,7,24,36,15,1,2,128,83
114,4,Adam,Pelech,BRI,6,2:07:47,1:28:28,1,1,1,0,1,0,21,15,108,81,6,18,13,18,3,1,88,116
9,3,Reid,McNeill,WIL,7,2:07:24,1:34:13,0,0,1,0,0,1,20,11,100,83,2,17,15,11,5,4,77,85
278,34,Yohann,Auvitu,ALB,6,2:05:29,1:38:12,0,0,2,0,0,1,42,25,199,137,6,12,33,13,0,1,103,81
406,22,MarcAndré,Cliche,TOR,11,2:03:57,1:30:20,1,0,1,0,0,1,16,14,63,52,8,6,6,16,2,3,75,82
74,26,Taylor,Doherty,PRO,7,2:03:24,1:44:33,0,1,0,0,1,0,17,16,97,78,6,21,14,20,1,0,84,117
356,43,Tom,Nilsson,UTI,7,2:03:21,1:29:38,0,0,0,0,0,0,12,11,60,42,1,17,11,21,4,0,61,93
372,24,Derek,Hulak,UTI,10,2:01:55,1:38:30,3,0,0,0,0,0,13,11,68,35,7,16,8,5,1,0,74,66
449,9,Alex,Krushelnyski,BNG,18,2:00:29,1:53:43,2,0,1,0,0,1,19,20,82,68,19,22,15,5,4,1,96,103
203,22,Logan,Shaw,SPR,7,2:00:22,1:09:44,2,0,1,0,0,1,28,20,105,79,13,15,10,9,1,2,83,94
181,6,Ed,Wittchow,SPR,10,2:00:10,1:41:47,0,0,1,0,0,1,18,13,124,99,5,20,22,11,3,3,75,64
458,20,Ryan,Rupert,BNG,11,1:58:16,1:37:05,1,2,0,0,2,0,18,15,72,53,13,16,9,6,2,1,77,98
381,11,Marco,Roy,UTI,10,1:57:45,1:36:39,1,1,0,0,0,0,23,22,77,61,16,19,10,2,2,0,123,85
429,30,Andrew,Hammond,BNG,2,1:57:06,1:38:56,0,0,0,0,0,0,0,0,4,2,0,0,0,0,0,0,92,102
112,15,Loïc,Leduc,BRI,8,1:56:14,1:39:10,0,0,0,0,0,0,23,16,90,73,6,34,24,18,1,0,75,103
421,18,Milan,Michálek,TOR,9,1:54:44,1:31:25,1,1,1,0,1,1,19,17,83,66,11,22,10,11,3,1,96,103
109,2,Jesse,Graham,BRI,6,1:53:54,1:27:56,1,1,4,0,0,3,29,26,145,126,4,12,25,8,0,0,87,78
483,39,Jean,Dupuy,RCH,8,1:52:11,1:29:41,1,2,0,0,2,0,13,10,46,37,7,26,15,13,2,5,63,105
468,44,Justin,Falk,RCH,6,1:51:18,1:28:50,0,0,0,0,0,0,12,7,76,61,2,18,13,23,2,3,57,123
484,24,Hudson,Fasching,RCH,7,1:50:50,1:25:08,3,0,1,0,0,0,16,13,65,54,9,18,12,14,1,0,74,99
368,26,Michael,Chaput,UTI,6,1:50:03,1:12:42,1,2,4,0,2,3,22,10,104,46,5,8,6,4,2,7,57,47
40,2,Mark,Alt,LV,6,1:48:39,1:32:17,0,2,0,0,1,0,14,11,99,80,0,21,19,20,1,1,83,92
150,19,Riley,Barber,HER,7,1:47:41,1:21:27,1,2,0,0,2,0,31,24,110,80,15,17,16,11,1,2,87,49
19,20,Jarrett,Burton,WIL,10,1:47:07,1:25:20,1,0,0,0,0,0,5,5,46,35,5,10,8,6,4,3,73,86
495,25,Brady,Vail,RCH,9,1:46:58,1:38:24,1,0,1,0,0,1,9,7,65,46,7,21,12,5,5,1,38,79
349,35,Michael,Garteig,UTI,2,1:44:38,1:17:57,0,0,0,0,0,0,0,0,0,0,0,0,0,0,0,0,89,76
295,25,Nick,Lappin,ALB,7,1:43:31,1:14:09,1,4,0,0,3,0,26,12,98,60,16,8,9,5,1,2,59,44
282,38,Jacob,MacDonald,ALB,5,1:37:46,1:09:37,2,0,1,0,0,1,18,14,137,99,5,13,24,6,0,0,88,56
238,71,Ahti,Oksanen,HAR,10,1:37:42,1:36:52,2,2,0,0,2,0,23,22,72,60,10,23,18,11,1,1,92,90
409,16,Brett,Findlay,TOR,8,1:33:16,1:16:44,3,0,0,0,0,0,17,14,99,66,15,11,12,4,2,0,89,54
361,2,Troy,Stecher,UTI,4,1:31:31,0:53:35,0,1,0,0,1,0,30,11,139,65,5,12,17,12,2,1,42,40
405,45,Tony,Cameranesi,TOR,7,1:30:52,1:09:16,3,0,0,0,0,0,24,18,62,43,17,14,9,8,0,0,62,52
459,45,Zack,Stortini,BNG,13,1:30:11,1:21:04,1,0,1,0,0,1,13,9,38,34,8,17,8,8,4,2,57,60
61,11,Steven,Swavely,LV,8,1:29:32,1:08:12,0,0,0,0,0,0,12,7,36,24,4,16,6,14,0,0,40,47
433,3,Fredrik,Claesson,BNG,4,1:28:33,1:13:52,0,0,0,0,0,0,15,9,86,67,3,5,17,8,0,1,43,81
21,38,Thomas Di,Pauli,WIL,7,1:26:41,1:14:04,0,0,0,0,0,0,15,13,58,51,19,11,7,9,2,0,68,53
130,25,Colin,Markison,BRI,10,1:26:34,1:16:30,1,0,1,0,0,1,14,8,39,29,4,10,8,3,0,1,48,49
292,20,Luke,Gazdic,ALB,10,1:22:48,1:17:17,0,1,0,0,1,0,17,13,57,43,9,16,7,5,4,3,64,64
377,23,Jayson,Megna,UTI,5,1:21:27,0:49:33,1,2,0,0,2,0,11,5,65,28,5,6,7,5,0,1,36,30
447,18,Gabriel,Gagné,BNG,15,1:21:02,1:08:13,0,0,0,0,0,0,22,19,42,38,17,29,16,10,0,0,69,64
2,30,Doug,Carr,WIL,2,1:20:00,1:08:05,0,0,0,0,0,0,0,0,3,3,0,0,0,0,0,1,85,66
100,14,AJ,White,PRO,9,1:17:51,1:14:48,0,0,2,0,0,2,11,8,57,43,10,10,12,6,0,0,52,64
476,12,Mike,Aviani,RCH,9,1:17:23,1:04:29,2,0,1,0,0,1,10,11,41,35,5,17,8,7,2,2,55,59
159,26,Domenic,Monardo,HER,8,1:17:15,1:13:48,0,2,1,0,2,1,9,4,58,38,5,11,7,5,0,3,26,29
194,17,Matt,Leitner,SPR,5,1:17:09,0:51:51,0,2,0,0,2,0,18,9,52,34,6,5,8,2,2,2,63,41
480,28,William,Carrier,RCH,5,1:16:19,0:53:07,0,1,1,0,1,1,10,6,51,36,11,5,7,2,0,2,58,63
227,23,Adam,Chapie,HAR,7,1:15:56,1:10:34,0,1,1,0,1,0,7,7,50,44,14,13,14,9,0,0,51,80
10,28,Steve,Oleksy,WIL,4,1:15:51,0:55:46,0,0,1,0,0,0,21,20,63,56,2,12,9,17,3,0,59,66
486,18,Vaclav,Karabacek,RCH,8,1:12:37,1:09:41,0,2,1,0,2,1,10,8,72,63,9,19,21,7,0,1,62,62
177,4,Dylan,McIlrath,SPR,4,1:09:04,0:50:51,1,0,1,0,0,0,9,4,59,34,2,11,5,4,2,1,28,32
122,13,Stephen,Gionta,BRI,5,1:08:30,0:51:55,1,0,0,0,0,0,12,10,41,34,5,13,11,4,2,1,54,43
425,26,Nikita,Soshnikov,TOR,4,1:07:27,0:42:28,1,1,0,0,0,0,8,7,58,39,10,6,12,3,2,1,35,37
197,43,Denis,Malgin,SPR,4,1:07:05,0:49:50,1,1,1,0,1,0,14,8,72,53,15,6,11,4,3,2,49,30
220,49,Garrett,Noonan,HAR,6,1:03:58,1:01:55,0,1,1,0,0,0,13,9,66,48,5,11,12,13,4,1,42,41
395,27,Frank,Corrado,TOR,3,1:03:44,0:48:38,0,2,1,0,2,0,12,9,92,69,1,7,14,5,2,1,42,50
185,10,Rihards,Bukarts,SPR,6,1:02:37,0:48:51,0,1,1,0,1,1,11,9,71,57,11,4,10,3,1,0,53,31
474,21,Bobby,Shea,RCH,4,1:01:35,0:50:26,0,0,0,0,0,0,3,3,87,80,2,4,12,9,0,2,47,51
168,1,Sam,Brittain,SPR,1,1:01:22,0:38:45,0,0,0,0,0,0,0,0,3,3,0,0,0,0,0,0,32,37
137,31,Parker,Milner,HER,2,1:00:01,0:40:00,0,0,0,0,0,0,0,0,6,6,0,0,0,1,0,0,31,41
389,31,Jeff,Glass,TOR,1,1:00:00,0:40:00,0,0,0,0,0,0,0,0,0,0,0,0,0,0,0,0,34,31
38,33,Martin,Ouellette,LV,1,1:00:00,1:00:00,0,0,0,0,0,0,0,0,0,0,0,0,0,0,0,1,59,55
413,39,Seth,Griffith,TOR,3,0:59:36,0:47:20,1,0,2,0,0,1,7,5,89,59,9,6,12,7,1,1,42,25
312,31,Bryan,Pitton,STJ,1,0:59:12,0:39:12,0,0,0,0,0,0,0,0,0,0,0,0,0,0,0,0,33,28
461,33,Jason,Kasdorf,RCH,1,0:59:06,0:59:06,0,0,0,0,0,0,0,0,0,0,0,0,0,0,0,0,61,51
310,30,Zachary,Fucale,STJ,1,0:58:53,0:40:00,0,0,0,0,0,0,1,0,4,2,0,0,0,0,0,0,26,50
375,9,YanPavel,Laplante,UTI,7,0:58:49,0:56:42,0,0,1,0,0,1,7,4,32,21,4,5,3,4,2,0,29,27
209,33,Jeff,Malcolm,HAR,1,0:58:21,0:58:21,0,0,0,0,0,0,0,0,0,0,0,0,0,0,0,0,63,50
204,10,Jordan,Smotherman,SPR,4,0:56:32,0:46:06,0,0,0,0,0,0,10,10,26,25,6,5,4,5,0,0,64,49
369,21,Phil,DeSimone,UTI,5,0:53:20,0:44:55,0,0,0,0,0,0,5,1,38,26,5,3,6,4,0,0,37,38
487,14,Justin,Kea,RCH,6,0:53:11,0:50:43,2,2,0,0,1,0,3,5,31,27,8,19,16,9,2,3,25,61
199,39,Greg,McKegg,SPR,3,0:52:56,0:38:18,0,0,0,0,0,0,8,6,40,34,11,7,8,3,0,1,26,40
219,6,Dylan,McIlrath,HAR,3,0:52:31,0:46:14,0,0,0,0,0,0,14,9,61,43,0,8,6,8,4,3,40,42
489,17,Matt,Lane,RCH,6,0:51:46,0:50:30,0,0,1,0,0,1,4,4,22,22,6,13,5,4,0,0,31,51
448,12,Triston,Grant,BNG,3,0:51:27,0:40:20,0,0,0,0,0,0,4,0,8,0,0,0,0,0,0,0,37,38
329,23,Connor,Crisp,STJ,6,0:51:16,0:48:48,0,0,0,0,0,0,6,6,32,23,7,9,6,1,2,1,30,32
321,2,Zach,Redmond,STJ,2,0:48:52,0:33:43,0,0,0,0,0,0,9,8,48,42,2,14,18,11,0,0,30,49
342,43,Alexandre,Ranger,STJ,4,0:47:55,0:45:39,0,0,0,0,0,0,11,10,26,24,7,16,9,6,0,0,37,38
149,39,Nolan,Zajac,HER,3,0:47:52,0:41:55,0,0,1,0,0,0,6,4,60,43,0,0,6,2,2,1,38,39
418,32,Josh,Leivo,TOR,3,0:45:17,0:34:45,0,0,0,0,0,0,17,16,39,32,7,4,5,1,2,0,52,26
29,13,Patrick,McGrath,WIL,7,0:43:50,0:42:26,0,0,0,0,0,0,5,5,13,13,1,6,5,3,5,4,32,38
408,21,Éric,Faille,TOR,3,0:40:34,0:35:09,0,1,1,0,1,0,7,5,28,11,4,2,3,1,0,0,17,16
420,20,Mason,Marchment,TOR,4,0:39:20,0:34:55,0,0,0,0,0,0,9,9,21,19,5,11,2,5,1,0,36,32
93,16,Mark,Naclerio,PRO,5,0:38:43,0:36:53,0,0,0,0,0,0,3,1,31,16,4,3,5,2,1,0,14,33
186,32,Joe,Diamond,SPR,4,0:38:24,0:33:21,0,1,0,0,1,0,7,7,31,27,7,9,8,5,1,0,35,31
99,49,Frank,Vatrano,PRO,2,0:35:00,0:28:45,2,0,0,0,0,0,17,10,35,10,3,3,5,2,2,3,18,13
267,15,Kevin,Lynch,SYR,3,0:34:37,0:24:07,0,0,0,0,0,0,4,2,19,13,2,3,2,4,0,0,14,18
225,89,Pavel,Buchnevich,HAR,2,0:33:46,0:29:19,1,0,0,0,0,0,5,5,44,34,11,5,6,3,0,1,25,31
254,14,Brandon,Alderson,SYR,3,0:33:40,0:26:42,0,0,0,0,0,0,13,8,19,11,3,7,5,3,1,0,23,15
36,31,Mark,Dekanich,LV,1,0:32:58,0:27:32,0,0,0,0,0,0,0,0,1,0,0,0,0,0,0,0,23,33
382,17,Anton,Rödin,UTI,2,0:32:56,0:28:10,0,1,0,0,1,0,12,7,67,30,6,8,8,3,0,1,38,39
54,12,Tyrell,Goulbourne,LV,3,0:32:45,0:26:24,0,0,0,0,0,0,3,2,16,10,3,3,2,1,1,1,24,18
445,26,Vincent,Dunn,BNG,4,0:31:36,0:31:36,0,1,1,0,1,1,6,3,20,13,2,4,3,4,0,0,12,17
436,11,Macoy,Erkamps,BNG,3,0:31:31,0:19:09,0,0,0,0,0,0,11,10,56,53,1,6,11,2,0,0,35,26
307,36,Brian,Ward,ALB,3,0:30:23,0:26:34,0,0,0,0,0,0,5,3,18,13,5,3,0,1,2,1,19,24
147,34,Steve,Weinstein,HER,2,0:30:12,0:24:47,0,1,1,0,1,0,2,1,33,18,0,4,5,1,0,0,14,10
379,17,Luke,Pither,UTI,2,0:29:45,0:24:33,0,0,0,0,0,0,1,1,5,3,1,2,2,2,0,0,26,12
212,49,Calle,Andersson,HAR,2,0:29:42,0:22:23,0,0,1,0,0,1,2,2,30,29,0,2,4,1,1,0,29,32
327,36,Anthony,Camara,STJ,3,0:28:25,0:28:25,1,0,0,0,0,0,3,4,13,13,5,14,8,4,1,2,20,23
337,39,Brandon,MacLean,STJ,2,0:24:44,0:22:30,0,0,0,0,0,0,3,3,16,13,3,1,4,4,1,0,12,22
400,24,Daniel,Maggio,TOR,3,0:24:09,0:22:23,0,0,0,0,0,0,3,2,12,11,0,6,2,2,2,2,24,13
296,37,Ty,Loney,ALB,2,0:23:50,0:21:51,0,0,0,0,0,0,6,5,12,8,0,7,4,3,1,0,14,14
352,3,Alex,Biega,UTI,1,0:22:45,0:15:41,0,0,0,0,0,0,2,2,18,11,1,3,3,4,1,0,10,13
341,32,John,McCarron,STJ,2,0:22:40,0:22:40,0,0,0,0,0,0,3,3,14,14,2,5,3,5,1,0,12,20
304,42,Tylor,Spink,ALB,2,0:22:36,0:17:17,0,0,0,0,0,0,4,3,10,6,0,4,3,1,2,0,11,9
472,5,Brycen,Martin,RCH,3,0:21:36,0:20:34,0,0,0,0,0,0,4,3,23,22,0,2,5,1,1,0,16,21
53,27,Boyd,Gordon,LV,2,0:20:58,0:16:40,0,0,0,0,0,0,2,2,21,19,2,4,3,5,4,2,13,16
328,11,Daniel,Carr,STJ,1,0:20:43,0:15:00,1,0,0,0,0,0,4,1,20,2,0,0,0,0,0,0,3,0
84,27,Austin,Czarnik,PRO,1,0:20:25,0:16:25,0,0,1,0,0,1,4,4,48,45,5,1,3,1,0,0,37,11
223,18,Brandon,Alderson,HAR,2,0:20:02,0:18:55,0,1,0,0,1,0,2,2,11,10,4,8,4,5,1,1,12,20
393,25,Nikolas,Brouillard,TOR,1,0:18:45,0:13:45,0,0,0,0,0,0,6,6,22,20,1,4,6,3,0,0,22,8
363,29,Alex,Wall,UTI,1,0:15:17,0:13:47,0,0,0,0,0,0,3,3,6,6,0,1,1,2,0,0,20,10
265,23,Olivier,Labelle,SYR,2,0:14:47,0:12:28,0,0,0,0,0,0,4,1,8,5,0,2,2,3,1,0,3,4
402,29,Ty,Stanton,TOR,2,0:13:59,0:13:59,0,0,0,0,0,0,4,3,14,7,0,2,1,1,0,0,7,12
80,23,Shane,Bakker,PRO,2,0:13:56,0:13:04,0,0,0,0,0,0,4,4,8,7,0,5,4,2,3,0,9,18
132,16,Kyle,Schempp,BRI,1,0:13:45,0:10:19,0,0,0,0,0,0,2,2,10,10,1,3,0,4,0,1,13,24
215,2,Spiro,Goulakos,HAR,1,0:13:39,0:13:28,0,0,1,0,0,1,1,1,12,11,1,2,1,2,1,0,8,5
268,16,Tye,McGinn,SYR,1,0:12:47,0:11:52,1,0,0,0,0,0,2,3,11,11,0,0,1,1,0,0,19,6
485,21,Tyson,Fawcett,RCH,1,0:12:23,0:11:26,0,0,0,0,0,0,0,0,3,3,1,1,1,0,1,0,4,21
195,36,Zac,Lynch,SPR,1,0:10:48,0:10:48,0,0,0,0,0,0,0,0,8,4,0,0,0,0,0,0,3,3
90,13,Brock,Higgs,PRO,1,0:10:43,0:09:34,0,0,0,0,0,0,1,1,4,4,1,0,1,1,0,0,9,10
428,35,Scott,Greenham,BNG,1,0:10:33,0:10:33,0,0,0,0,0,0,0,0,1,0,0,0,0,0,0,0,0,0
396,44,Willie,Corrin,TOR,1,0:09:58,0:09:58,0,0,0,0,0,0,1,1,9,8,1,4,4,0,0,1,8,13
27,26,Adam,Krause,WIL,1,0:09:28,0:05:09,0,0,0,0,0,0,1,1,3,2,0,1,0,2,0,0,13,7
465,7,Eric,Baier,RCH,2,0:08:26,0:08:26,0,0,0,0,0,0,1,0,5,3,0,0,0,1,1,0,2,7
471,7,Jordan,Henry,RCH,1,0:08:21,0:08:21,0,0,0,0,0,0,4,2,4,3,0,1,0,0,0,1,8,2
270,12,David,Pacan,SYR,1,0:07:57,0:07:02,0,0,0,0,0,0,1,1,4,3,1,1,1,0,0,0,1,9
118,36,Eric,Boulton,BRI,1,0:04:56,0:04:56,0,0,0,0,0,0,1,0,4,2,0,1,0,1,0,0,1,1
451,43,Alexis,Loiseau,BNG,1,0:03:08,0:02:24,0,0,0,0,0,0,1,1,0,0,1,0,0,0,0,0,8,0
434,2,Jamie,Doornbosch,BNG,1,0:03:02,0:03:02,0,0,0,0,0,0,0,0,4,3,0,0,1,0,0,0,3,2
